time_s,frame_60,method,mother,alpha_area_px,normalised_area
0.0,0.0,A,control,0.0,0.0
0.0,0.0,A,candidate,0.0,0.0
0.0,0.0,B,control,0.0,0.0
0.0,0.0,B,candidate,0.0,0.0
0.016666666666666666,1.0,A,control,359.38823529411764,0.015858326469305684
0.016666666666666666,1.0,A,candidate,519.8039215686274,0.01617645874313492
0.016666666666666666,1.0,B,control,15.333333333333334,0.0006765970112062461
0.016666666666666666,1.0,B,candidate,24.68235294117647,0.0007681224543892206
0.03333333333333333,2.0,A,control,1555.1568627450981,0.06862268382327494
0.03333333333333333,2.0,A,candidate,3130.9529411764706,0.09743622350288736
0.03333333333333333,2.0,B,control,158.42352941176472,0.006990579554657272
0.03333333333333333,2.0,B,candidate,301.02745098039213,0.009368067340931896
0.05,3.0,A,control,2774.7843137254904,0.12243983304838967
0.05,3.0,A,candidate,5329.305882352941,0.16584964668075663
0.05,3.0,B,control,554.2313725490196,0.024455953707613186
0.05,3.0,B,candidate,1025.9725490196079,0.031928582917806016
0.06666666666666667,4.0,A,control,3993.7294117647057,0.17622687284129215
0.06666666666666667,4.0,A,candidate,6965.141176470588,0.21675734677275071
0.06666666666666667,4.0,B,control,1282.007843137255,0.056569739674541264
0.06666666666666667,4.0,B,candidate,2255.227450980392,0.07018337550643727
0.08333333333333333,5.0,A,control,5210.764705882353,0.2299296408325431
0.08333333333333333,5.0,A,candidate,8495.921568627451,0.2643957058366811
0.08333333333333333,5.0,B,control,2374.1607843137253,0.10476196244280939
0.08333333333333333,5.0,B,candidate,3992.1960784313724,0.1242383761984065
0.1,6.0,A,control,6431.254901960784,0.2837848594547078
0.1,6.0,A,candidate,10044.160784313726,0.31257738888646164
0.1,6.0,B,control,3817.470588235294,0.16844929502398373
0.1,6.0,B,candidate,6207.027450980392,0.19316461325510378
0.11666666666666667,7.0,A,control,7651.321568627451,0.33762138946377523
0.11666666666666667,7.0,A,candidate,11702.658823529411,0.36419036061237936
0.11666666666666667,7.0,B,control,5550.329411764706,0.24491323638326884
0.11666666666666667,7.0,B,candidate,8819.894117647058,0.274477831722359
0.13333333333333333,8.0,A,control,8871.152941176471,0.3914475369100109
0.13333333333333333,8.0,A,candidate,13505.490196078432,0.4202950302940955
0.13333333333333333,8.0,B,control,7463.266666666666,0.32932329916316544
0.13333333333333333,8.0,B,candidate,11677.407843137255,0.3634045422959173
0.14733333333333334,8.84,A,control,9895.945098039216,0.4366674049822458
0.14733333333333334,8.84,A,candidate,15116.925490196078,0.4704433948425227
0.14733333333333334,8.84,B,control,9104.894117647058,0.4017615748271303
0.14733333333333334,8.84,B,candidate,14115.396078431373,0.4392754899129925
0.15,9.0,A,control,10090.490196078432,0.4452518809742997
0.15,9.0,A,candidate,15429.33725490196,0.4801657455461956
0.15,9.0,B,control,9417.980392156862,0.4155767859738498
0.15,9.0,B,candidate,14579.623529411765,0.45372239170925677
0.16666666666666666,10.0,A,control,11310.772549019608,0.4990979283326296
0.16666666666666666,10.0,A,candidate,17447.776470588236,0.5429801979642193
0.16666666666666666,10.0,B,control,11368.109803921569,0.5016279858520277
0.16666666666666666,10.0,B,candidate,17518.15294117647,0.545170335486696
0.18333333333333332,11.0,A,control,12530.682352941176,0.5529275366331425
0.18333333333333332,11.0,A,candidate,19482.78431372549,0.6063102711909168
0.18333333333333332,11.0,B,control,13323.513725490197,0.587911928180352
0.18333333333333332,11.0,B,candidate,20496.823529411766,0.6378674850860495
0.2,12.0,A,control,13750.086274509804,0.606734822423567
0.2,12.0,A,candidate,21403.16862745098,0.6660732247450148
0.2,12.0,B,control,15276.972549019607,0.6741100413226001
0.2,12.0,B,candidate,23401.180392156864,0.7282519685731252
0.21666666666666667,13.0,A,control,14969.050980392158,0.6605227274300388
0.21666666666666667,13.0,A,candidate,23272.949019607844,0.7242613686150584
0.21666666666666667,13.0,B,control,17168.15294117647,0.757560063125982
0.21666666666666667,13.0,B,candidate,26044.160784313724,0.8105023354876724
0.23333333333333334,14.0,A,control,16188.921568627451,0.7143506053034131
0.23333333333333334,14.0,A,candidate,25124.098039215685,0.7818696984112533
0.23333333333333334,14.0,B,control,18862.764705882353,0.8323363188969565
0.23333333333333334,14.0,B,candidate,28182.26274509804,0.8770407295283894
0.25,15.0,A,control,17408.925490196078,0.7681843666290588
0.25,15.0,A,candidate,26883.37254901961,0.83661886505819
0.25,15.0,B,control,20256.850980392155,0.8938516193337164
0.25,15.0,B,candidate,29784.145098039215,0.9268918035939929
0.26666666666666666,16.0,A,control,18628.666666666668,0.8220065340928755
0.26666666666666666,16.0,A,candidate,28494.266666666666,0.8867503880275411
0.26666666666666666,16.0,B,control,21299.223529411764,0.9398472378922013
0.26666666666666666,16.0,B,candidate,30909.870588235295,0.9619247288810869
0.2833333333333333,17.0,A,control,19848.423529411764,0.8758293937275478
0.2833333333333333,17.0,A,candidate,29911.69019607843,0.9308610464771444
0.2833333333333333,17.0,B,control,21977.592156862745,0.9697808587071632
0.2833333333333333,17.0,B,candidate,31560.054901960786,0.9821586657368814
0.3,18.0,A,control,21068.101960784315,0.9296487925079426
0.3,18.0,A,candidate,31043.12156862745,0.9660715405871072
0.3,18.0,B,control,22329.082352941175,0.9852906771507479
0.3,18.0,B,candidate,31845.10980392157,0.9910296624142086
0.31666666666666665,19.0,A,control,22196.929411764704,0.9794593107362621
0.31666666666666665,19.0,A,candidate,31766.133333333335,0.9885718902329337
0.31666666666666665,19.0,B,control,22439.30980392157,0.9901545617520229
0.31666666666666665,19.0,B,candidate,31910.90588235294,0.993077256716678
0.33333233333333334,19.999940000000002,A,control,22445.882352941175,0.9904445813404581
0.33333233333333334,19.999940000000002,A,candidate,31914.807843137256,0.9931986869426261
0.33333233333333334,19.999940000000002,B,control,22445.882352941175,0.9904445813404581
0.33333233333333334,19.999940000000002,B,candidate,31914.807843137256,0.9931986869426261
0.3333333333333333,20.0,A,control,22662.43137254902,1.0
0.3333333333333333,20.0,A,candidate,32133.3568627451,1.0
0.3333333333333333,20.0,B,control,22662.43137254902,1.0
0.3333333333333333,20.0,B,candidate,32133.3568627451,1.0
0.3333343333333333,20.000059999999998,A,control,22662.43137254902,1.0
0.3333343333333333,20.000059999999998,A,candidate,32133.3568627451,1.0
0.3333343333333333,20.000059999999998,B,control,22662.43137254902,1.0
0.3333343333333333,20.000059999999998,B,candidate,32133.3568627451,1.0
0.35,21.0,A,control,22662.43137254902,1.0
0.35,21.0,A,candidate,32133.3568627451,1.0
0.35,21.0,B,control,22662.43137254902,1.0
0.35,21.0,B,candidate,32133.3568627451,1.0
0.36666666666666664,22.0,A,control,22662.43137254902,1.0
0.36666666666666664,22.0,A,candidate,32133.3568627451,1.0
0.36666666666666664,22.0,B,control,22662.43137254902,1.0
0.36666666666666664,22.0,B,candidate,32133.3568627451,1.0
0.38333333333333336,23.0,A,control,22662.43137254902,1.0
0.38333333333333336,23.0,A,candidate,32133.3568627451,1.0
0.38333333333333336,23.0,B,control,22662.43137254902,1.0
0.38333333333333336,23.0,B,candidate,32133.3568627451,1.0
0.4,24.0,A,control,22662.43137254902,1.0
0.4,24.0,A,candidate,32133.3568627451,1.0
0.4,24.0,B,control,22662.43137254902,1.0
0.4,24.0,B,candidate,32133.3568627451,1.0
0.4166666666666667,25.0,A,control,22662.43137254902,1.0
0.4166666666666667,25.0,A,candidate,32133.3568627451,1.0
0.4166666666666667,25.0,B,control,22662.43137254902,1.0
0.4166666666666667,25.0,B,candidate,32133.3568627451,1.0
0.4333323333333334,25.999940000000002,A,control,22662.43137254902,1.0
0.4333323333333334,25.999940000000002,A,candidate,32133.3568627451,1.0
0.4333323333333334,25.999940000000002,B,control,22662.43137254902,1.0
0.4333323333333334,25.999940000000002,B,candidate,32133.3568627451,1.0
0.43333333333333335,26.0,A,control,22662.43137254902,1.0
0.43333333333333335,26.0,A,candidate,32133.3568627451,1.0
0.43333333333333335,26.0,B,control,22662.43137254902,1.0
0.43333333333333335,26.0,B,candidate,32133.3568627451,1.0
0.4333343333333333,26.000059999999998,A,control,22445.882352941175,0.9904445813404581
0.4333343333333333,26.000059999999998,A,candidate,31914.807843137256,0.9931986869426261
0.4333343333333333,26.000059999999998,B,control,22445.882352941175,0.9904445813404581
0.4333343333333333,26.000059999999998,B,candidate,31914.807843137256,0.9931986869426261
0.44383333333333336,26.630000000000003,A,control,22427.780392156863,0.9896458161732642
0.44383333333333336,26.630000000000003,A,candidate,31887.76862745098,0.9923572181909557
0.44383333333333336,26.630000000000003,B,control,22445.450980392157,0.990425546641933
0.44383333333333336,26.630000000000003,B,candidate,31914.2,0.9931797706762724
0.45,27.0,A,control,22330.501960784313,0.9853533186131664
0.45,27.0,A,candidate,31748.807843137256,0.9880327156216385
0.45,27.0,B,control,22443.58823529412,0.9903433513528479
0.45,27.0,B,candidate,31910.81568627451,0.993074449786832
0.46474358974358976,27.884615384615387,A,control,21695.27843137255,0.9573235137361307
0.46474358974358976,27.884615384615387,A,candidate,30704.86274509804,0.9555448214219028
0.46474358974358976,27.884615384615387,B,control,22424.0,0.9894790029970998
0.46474358974358976,27.884615384615387,B,candidate,31872.38823529412,0.9918785756319924
0.4666666666666667,28.0,A,control,21594.945098039214,0.9528962159019332
0.4666666666666667,28.0,A,candidate,30492.631372549018,0.9489401154941796
0.4666666666666667,28.0,B,control,22418.992156862743,0.9892580274514962
0.4666666666666667,28.0,B,candidate,31862.133333333335,0.9915594399125409
0.4826923076923077,28.961538461538463,A,control,20756.376470588235,0.9158936271829339
0.4826923076923077,28.961538461538463,A,candidate,28474.972549019607,0.8861499491213455
0.4826923076923077,28.961538461538463,B,control,22338.18431372549,0.985692309289625
0.4826923076923077,28.961538461538463,B,candidate,31706.18431372549,0.9867062582087442
0.48333333333333334,29.0,A,control,20723.290196078433,0.9144336658060676
0.48333333333333334,29.0,A,candidate,28400.054901960786,0.8838184887831422
0.48333333333333334,29.0,B,control,22333.03137254902,0.9854649311636084
0.48333333333333334,29.0,B,candidate,31697.18431372549,0.9864261754262811
0.5,30.0,A,control,19851.47450980392,0.8759640209589336
0.5,30.0,A,candidate,26838.63529411765,0.8352266278545561
0.5,30.0,B,control,22145.258823529413,0.9771792999383968
0.5,30.0,B,candidate,31374.15294117647,0.9763733392433445
0.5166666666666667,31.000000000000004,A,control,18982.686274509804,0.8376279650869021
0.5166666666666667,31.000000000000004,A,candidate,25639.305882352943,0.7979031257726684
0.5166666666666667,31.000000000000004,B,control,21818.745098039217,0.9627715905394088
0.5166666666666667,31.000000000000004,B,candidate,30848.3568627451,0.9600104027260903
0.5333333333333333,32.0,A,control,18113.75294117647,0.7992855066344576
0.5333333333333333,32.0,A,candidate,24512.745098039217,0.7628442058743916
0.5333333333333333,32.0,B,control,21334.913725490194,0.9414220996310729
0.5333333333333333,32.0,B,candidate,30079.776470588236,0.9360919433058751
0.55,33.0,A,control,17241.50588235294,0.7607968270887986
0.55,33.0,A,candidate,23424.117647058825,0.7289657830370151
0.55,33.0,B,control,20674.576470588236,0.9122841292144553
0.55,33.0,B,candidate,29052.949019607844,0.9041367555747457
0.5666666666666667,34.0,A,control,16370.666666666666,0.7223702698774166
0.5666666666666667,34.0,A,candidate,22326.529411764706,0.6948084978214564
0.5666666666666667,34.0,B,control,19824.549019607843,0.8747759096855467
0.5666666666666667,34.0,B,candidate,27748.513725490197,0.8635423259392292
0.5833333333333334,35.0,A,control,15499.333333333334,0.6839219092840877
0.5833333333333334,35.0,A,candidate,21181.87450980392,0.6591864833879789
0.5833333333333334,35.0,B,control,18772.701960784314,0.8283622199303676
0.5833333333333334,35.0,B,candidate,26146.086274509806,0.8136742882541214
0.6,36.0,A,control,14627.835294117647,0.6454662808967766
0.6,36.0,A,candidate,19968.13725490196,0.621414604773294
0.6,36.0,B,control,17519.113725490195,0.773046520803195
0.6,36.0,B,candidate,24241.274509803923,0.754395957239963
0.6021666666666667,36.13,A,control,14514.411764705883,0.6404613664837029
0.6021666666666667,36.13,A,candidate,19804.67450980392,0.6163275936092798
0.6021666666666667,36.13,B,control,17342.501960784313,0.7652533691416389
0.6021666666666667,36.13,B,candidate,23976.117647058825,0.7461441936947569
0.6166666666666667,37.0,A,control,13756.69411764706,0.607026399396427
0.6166666666666667,37.0,A,candidate,18679.45882352941,0.5813105335778372
0.6166666666666667,37.0,B,control,16097.517647058823,0.7103173257286829
0.6166666666666667,37.0,B,candidate,22119.5568627451,0.6883674481077998
0.6333333333333333,38.0,A,control,12885.329411764706,0.5685766544613873
0.6333333333333333,38.0,A,candidate,17323.26274509804,0.5391052923319802
0.6333333333333333,38.0,B,control,14555.949019607842,0.6422942349089449
0.6333333333333333,38.0,B,candidate,19847.933333333334,0.6176738215715244
0.65,39.0,A,control,12014.254901960785,0.5301397146871734
0.65,39.0,A,candidate,15914.074509803922,0.49525091878136285
0.65,39.0,B,control,12934.945098039216,0.5707659908771882
0.65,39.0,B,candidate,17486.63529411765,0.5441894965661485
0.6666666666666666,40.0,A,control,11142.541176470588,0.49167456895059974
0.6666666666666666,40.0,A,candidate,14454.980392156862,0.44984345874289083
0.6666666666666666,40.0,B,control,11275.207843137256,0.4975286039606016
0.6666666666666666,40.0,B,candidate,15095.443137254902,0.4697748573774537
0.6833333333333333,41.0,A,control,10271.301960784314,0.45323036138240363
0.6833333333333333,41.0,A,candidate,12999.0,0.4045328988043211
0.6833333333333333,41.0,B,control,9616.56862745098,0.4243396690038969
0.6833333333333333,41.0,B,candidate,12730.501960784313,0.3961771568143836
0.7,42.0,A,control,9400.619607843137,0.4148107258795761
0.7,42.0,A,candidate,11630.176470588236,0.361934687380019
0.7,42.0,B,control,7998.870588235294,0.35295729997992703
0.7,42.0,B,candidate,10449.576470588236,0.3251940503826822
0.7166666666666667,43.0,A,control,8529.909803921568,0.37638987907775157
0.7166666666666667,43.0,A,candidate,10284.207843137256,0.32004772757061684
0.7166666666666667,43.0,B,control,6461.682352941177,0.2851274978715746
0.7166666666666667,43.0,B,candidate,8308.988235294117,0.25857828271055694
0.7333333333333333,44.0,A,control,7658.549019607844,0.33794030718542567
0.7333333333333333,44.0,A,candidate,8912.078431372549,0.27734663606543614
0.7333333333333333,44.0,B,control,5044.011764705882,0.22257151855363977
0.7333333333333333,44.0,B,candidate,6363.666666666667,0.19803927407424401
0.75,45.0,A,control,6787.270588235294,0.29949436919009087
0.75,45.0,A,candidate,7573.576470588236,0.23569204123111454
0.75,45.0,B,control,3787.2431372549017,0.16711548178552393
0.75,45.0,B,candidate,4670.266666666666,0.14534014253833838
0.7605,45.629999999999995,A,control,6238.247058823529,0.2752682162064884
0.7605,45.629999999999995,A,candidate,6752.262745098039,0.21013250417439283
0.7605,45.629999999999995,B,control,3094.364705882353,0.13654160292926706
0.7605,45.629999999999995,B,candidate,3755.4470588235295,0.11687067351427373
0.7666666666666667,46.0,A,control,5916.121568627451,0.2610541416043136
0.7666666666666667,46.0,A,candidate,6280.176470588235,0.19544103336023919
0.7666666666666667,46.0,B,control,2724.807843137255,0.12023457670291335
0.7666666666666667,46.0,B,candidate,3274.0039215686274,0.10188801423870082
0.7833333333333333,47.0,A,control,5044.415686274509,0.2225893419531677
0.7833333333333333,47.0,A,candidate,5028.64705882353,0.15649305114006506
0.7833333333333333,47.0,B,control,1863.1019607843136,0.08221103597211936
0.7833333333333333,47.0,B,candidate,2164.549019607843,0.06736143468774614
0.8,48.0,A,control,4173.21568627451,0.18414686481211023
0.8,48.0,A,candidate,3865.2392156862743,0.12028743937946836
0.8,48.0,B,control,1190.8980392156864,0.0525494383033508
0.8,48.0,B,candidate,1321.2196078431373,0.04111676266773542
0.8166666666666667,49.0,A,control,3302.2431372549017,0.1457144241484568
0.8166666666666667,49.0,A,candidate,2791.250980392157,0.08686459346014636
0.8166666666666667,49.0,B,control,694.2274509803922,0.03063340554982592
0.8166666666666667,49.0,B,candidate,724.0627450980393,0.0225330564805542
0.8333333333333334,50.0,A,control,2431.3176470588237,0.10728405999736976
0.8333333333333334,50.0,A,candidate,1827.1607843137256,0.056861808497577375
0.8333333333333334,50.0,B,control,354.25098039215686,0.01563164051414451
0.8333333333333334,50.0,B,candidate,340.3176470588235,0.010590790389950899
0.85,51.0,A,control,1556.8745098039215,0.06869847653194715
0.85,51.0,A,candidate,1018.0588235294117,0.031682305333923355
0.85,51.0,B,control,145.06274509803922,0.006401023028524361
0.85,51.0,B,candidate,124.8078431372549,0.0038840586643456203
0.8666666666666667,52.0,A,control,687.7843137254902,0.030349096370948205
0.8666666666666667,52.0,A,candidate,406.0862745098039,0.01263753040942367
0.8666666666666667,52.0,B,control,39.384313725490195,0.0017378679753310307
0.8666666666666667,52.0,B,candidate,29.066666666666666,0.0009045636529921994
0.8833333333333333,53.0,A,control,86.95294117647059,0.003836876094495165
0.8833333333333333,53.0,A,candidate,53.58039215686274,0.0016674383689736132
0.8833333333333333,53.0,B,control,3.3254901960784315,0.00014674022135623957
0.8833333333333333,53.0,B,candidate,2.003921568627451,6.236265875323987e-05
0.899999,53.99994,A,control,0.0,0.0
0.899999,53.99994,A,candidate,0.0,0.0
0.899999,53.99994,B,control,0.0,0.0
0.899999,53.99994,B,candidate,0.0,0.0
0.9,54.0,A,control,0.0,0.0
0.9,54.0,A,candidate,0.0,0.0
0.9,54.0,B,control,0.0,0.0
0.9,54.0,B,candidate,0.0,0.0
0.900001,54.000060000000005,A,control,0.0,0.0
0.900001,54.000060000000005,A,candidate,0.0,0.0
0.900001,54.000060000000005,B,control,0.0,0.0
0.900001,54.000060000000005,B,candidate,0.0,0.0
0.9166666666666666,55.0,A,control,0.0,0.0
0.9166666666666666,55.0,A,candidate,0.0,0.0
0.9166666666666666,55.0,B,control,0.0,0.0
0.9166666666666666,55.0,B,candidate,0.0,0.0
0.9333333333333333,56.0,A,control,0.0,0.0
0.9333333333333333,56.0,A,candidate,0.0,0.0
0.9333333333333333,56.0,B,control,0.0,0.0
0.9333333333333333,56.0,B,candidate,0.0,0.0
0.95,57.0,A,control,0.0,0.0
0.95,57.0,A,candidate,0.0,0.0
0.95,57.0,B,control,0.0,0.0
0.95,57.0,B,candidate,0.0,0.0
0.9666666666666667,58.0,A,control,0.0,0.0
0.9666666666666667,58.0,A,candidate,0.0,0.0
0.9666666666666667,58.0,B,control,0.0,0.0
0.9666666666666667,58.0,B,candidate,0.0,0.0
0.9833333333333333,59.0,A,control,0.0,0.0
0.9833333333333333,59.0,A,candidate,0.0,0.0
0.9833333333333333,59.0,B,control,0.0,0.0
0.9833333333333333,59.0,B,candidate,0.0,0.0
1.0,60.0,A,control,0.0,0.0
1.0,60.0,A,candidate,0.0,0.0
1.0,60.0,B,control,0.0,0.0
1.0,60.0,B,candidate,0.0,0.0
