"File","Para","Hits","Snippet"
"canon/00_series_bible.md","6","glossary_like","- 本文件只負責其對應 Canon 範圍，不重寫其他文件的完整內容。 - 術語完整定義只放在 [Glossary](02_glossary.md)。 - 世界規則完整定義只放在 [World Rules](01_world_rules_and_costs.md)。 - 事件時間與..."
"canon/00_series_bible.md","9","glossary_like","**Premise**： 在一個情緒可以被量化、儲存、交易的[帝國](02_glossary.md#term-empire)中，魔法少女們以為自己是淨化負面情緒的英雄。但真相是：她們只是將痛苦從「可見」轉移到「不可見」的[集體潛意識](02_glossary.md#term-co..."
"canon/00_series_bible.md","10","glossary_like","**核心矛盾**： - **Alpha 線**：低魔世界，美夜子與母親花子死於黑奏攻擊 - **Beta 線**：晴香改變現實創造的世界，魔法系統、情緒科技、魔法屍骸皆源於此 - **20 年滯留**：晴香改變現實後因「因果債務」困在集體潛意識 20 年，暗面人格[「夕」](02..."
"canon/00_series_bible.md","13","glossary_like","> 這是一個「[黑暗治癒系](02_glossary.md#term-dark-healing)」故事。所有的殘酷、痛苦與絕望，都服務於一個終極目標——**讓觀眾透過故事得到治癒**。"
"canon/00_series_bible.md","14","glossary_like","**治癒主張**：`Dark Healing` 的實作要點如下（完整術語口徑見 [Glossary](02_glossary.md#term-dark-healing)）。 - 治癒不是逃避痛苦，而是在痛苦中找到自由 - 唯有經歷真實的黑暗，光明才有重量 - 觀眾透過見證角色在絕..."
"canon/00_series_bible.md","18","glossary_like","在不可控的、殘酷的命運面前，唯有「[態度](02_glossary.md#term-attitude-vs-fate)」是個體最後的、最珍貴的自由。"
"canon/00_series_bible.md","21","glossary_like","**核心敘事工具**： - **[膠布哲學](02_glossary.md#term-band-aid-philosophy)**：Beta 線是貼在 Alpha 傷口上的巨大膠布，二十年後發炎為緋潮 - **[情緒守恆定律](01_world_rules_and_costs.m..."
"canon/00_series_bible.md","29","glossary_like","本作把「世界的錯誤」定義為一個結構性缺陷，而非單一惡人：   人類可以在不感受他人痛苦的情況下做出傷害行為，令制度、技術與暴力容易結盟。黑奏把這個缺陷推到極端，提出[共振地獄](02_glossary.md#term-resonance-hell)作為修正方案；晴香則選擇另一條路..."
"canon/00_series_bible.md","40","glossary_like","### 核心視覺矛盾：[溫柔的殘酷](02_glossary.md#term-gentle-cruelty)"
"canon/00_series_bible.md","43","glossary_like","### 核心美學：[破碎的美學](02_glossary.md#term-aesthetics-of-the-flawed)"
"canon/00_series_bible.md","48","glossary_like","| 法則 | 內容 | |-----|------| | [質化](02_glossary.md#term-law-of-substance) | 情緒擁有物理屬性（質量、溫度、質感） | | [腐蝕](02_glossary.md#term-law-of-corruption)..."
"canon/00_series_bible.md","52","glossary_like","| # | 命題 | 核心問題 | |---|------|---------| | 1 | [未經同意的救贖](02_glossary.md#term-unsolicited-salvation) | 改變他人命運是否是暴力？ | | 2 | [執念飽和度](02_glossa..."
"canon/01_world_rules_and_costs.md","6","glossary_like","- 本文件只負責其對應 Canon 範圍，不重寫其他文件的完整內容。 - 術語完整定義只放在 [Glossary](02_glossary.md)。 - 世界規則完整定義只放在 [World Rules](01_world_rules_and_costs.md)。 - 事件時間與..."
"canon/01_world_rules_and_costs.md","10","glossary_like","| 形態 | 光譜位置 | 情緒狀態 | 主題意義 | |------|---------|---------|---------| | 人類 | 原點 | 多樣完整 | 連結的價值——即使沒有魔法，態度仍能帶來改變 | | [魔法少女](02_glossary.md#term-..."
"canon/01_world_rules_and_costs.md","14","glossary_like","**See also**: [Glossary: Trinity Spectrum](02_glossary.md#term-trinity-spectrum) | [Gameplay: Social Reputation](10_gameplay_bible.md#sectio..."
"canon/01_world_rules_and_costs.md","18","glossary_like","類似老香港的中西文化交匯城市，分為[日區](02_glossary.md#term-sun-district)和[夜區](02_glossary.md#term-night-district)："
"canon/01_world_rules_and_costs.md","21","glossary_like","- **統治者**：帝國皇帝（後期為黑奏） - **歷史**：為取得夜區[靈樹](02_glossary.md#term-spirit-tree)發動「靈樹戰爭」，大肆屠殺夜區原居民"
"canon/01_world_rules_and_costs.md","23","glossary_like,timeline_like","1. **基礎研究（帝國歷 79 年起）**：發動「靈樹戰爭」；捕獲黑奏作為活體樣本 2. **宏觀設施**：建造[維多利亞之淚](02_glossary.md#term-tears-of-victoria)作為中央監控系統 3. **核心技術突破（帝國歷 98 年前）**：秋穗..."
"canon/01_world_rules_and_costs.md","25","glossary_like","| 階段 | 代表人物 | 體制 | 結果 | |-----|---------|-----|------| | 零：原型體 | 黑奏 | — | 所有技術的源頭——被活體解剖逆向工程 | | 一：徵召兵器（廢棄） | 美夜子 (Unit 01) | 軍事化管理 | 人性不可控導..."
"canon/01_world_rules_and_costs.md","30","glossary_like","**定義**：[心匣](02_glossary.md#term-heart-container)並非外部道具，而是魔法少女[心之器](02_glossary.md#term-heart-vessel)在現實世界中的物理延伸。"
"canon/01_world_rules_and_costs.md","33","glossary_like","**A. 自然之道：[鏡中的承諾](02_glossary.md#term-mirror-promise)** - 使用者：極少數擁有強大意志與天賦者 - 本質：與「理想化的自我倒影」的浮士德式協議——自我對自我的放逐 - 開鎖儀式三部曲：獻祭（情感信物） → 諧振（心匣開啟） ..."
"canon/01_world_rules_and_costs.md","34","glossary_like","**B. 科技捷徑：[裝置的鑰匙](02_glossary.md#term-emotional-power-device)** - 使用者：軍方改造的「人型兵器」 - 鑄造過程：將少女精神推至極限 → 心之器產生裂痕 → 收割[情緒結晶](02_glossary.md#term-..."
"canon/01_world_rules_and_costs.md","37","glossary_like","**See also**: [Glossary: Reality Stitching](02_glossary.md#term-reality-stitching) | [Entities](07_entities_and_devices.md#section-heart-con..."
"canon/01_world_rules_and_costs.md","41","glossary_like","| 層級 | 內容 | 不可逆？ | |-----|------|---------| | **即時代價** | 每次開鎖消耗情感信物，心匣留下物理傷痕 | 是（傷痕永存） | | **累積代價** | 與單一情緒諧振越深，其他情緒感知能力萎縮 | 是 | | **長期代價** ..."
"canon/01_world_rules_and_costs.md","43","glossary_like","**See also**: [Glossary: Emotional Erosion](02_glossary.md#term-emotional-erosion) | [Glossary: Echo](02_glossary.md#term-echo)"
"canon/01_world_rules_and_costs.md","44","glossary_like","<a id=""rule-physiological-rejection""></a> #### 生理排斥法則（Physiological Rejection） - **定義**：靈魂與肉身對外來高能情緒流的防禦性排斥，常呈現「先狂喜、後反噬」。 - **觸發條件**：高強度調律、反..."
"canon/01_world_rules_and_costs.md","66","timeline_like","### <a id=""event-alpha-divergence""></a>晴香創世事件"
"canon/01_world_rules_and_costs.md","67","glossary_like,timeline_like","**帝國歷 102 年**（見 [Decision Log CF-002](99_decision_log.md#decision-cf002)）： - 5 歲的晴香（生於帝國歷 97 年）目睹黑奏攻擊家園 - 母親花子和姊姊美夜子（26 歲）同時在她面前被殺 - 晴香的「潛力之..."
"canon/01_world_rules_and_costs.md","68","glossary_like","**Beta 線的詛咒遺產**： 1. 魔法少女系統的誕生 2. [Emo-Visor](02_glossary.md#term-emo-visor) 的出現 3. 魔法屍骸的蔓延 4. 角色的個人詛咒"
"canon/01_world_rules_and_costs.md","70","timeline_like","**See also**: [Timeline](04_timeline_canon.md#event-alpha-divergence) | [Haruka](03_characters/haruka.md)"
"canon/01_world_rules_and_costs.md","75","glossary_like","**核心機制**： - Alpha 線是「債權人」——Beta 線被魔法消除的痛苦都變成情緒債務 - 魔法少女戰鬥時，並非消滅敵人，而是將債務推進集體潛意識深處 - 累積的負面情緒超過臨界值 → [緋潮](02_glossary.md#term-scarlet-tide)（強制破..."
"canon/01_world_rules_and_costs.md","77","glossary_like","**See also**: [Glossary: Emotion Conservation](02_glossary.md#term-emotion-conservation) | [Band-Aid Philosophy](02_glossary.md#term-band-ai..."
"canon/01_world_rules_and_costs.md","81","glossary_like","- **定義**：帝國把情緒視作可抽取、封裝、交易的資產，形成制度化情緒經濟。 - **觸發條件**：中央監控（[維多利亞之淚](02_glossary.md#term-tears-of-victoria)）與消費端（[Emo-Visor](02_glossary.md#term..."
"canon/01_world_rules_and_costs.md","88","glossary_like","**See also**: [Glossary: Mirror Law](02_glossary.md#term-mirror-law)"
"canon/01_world_rules_and_costs.md","95","glossary_like","**層級**（從低到高）： 1. [情緒諧振](02_glossary.md#term-emotional-resonance)：基礎機制 2. [調律](02_glossary.md#term-tuning)：實踐技藝 3. [現實縫合](02_glossary.md#term..."
"canon/01_world_rules_and_costs.md","101","glossary_like","- **主題用途**：此節只定義不可逆邊界，命題層收束交由 [Series Bible](00_series_bible.md#section-core-theme) 與 [Glossary](02_glossary.md#term-attitude-vs-fate)。"
"canon/02_glossary.md","17","timeline_like","晴香 5 歲時為救美夜子「改變現實」後創造的新世界（帝國歷 102 年）。魔法系統、情緒科技、魔法屍骸皆源於此。這是「態度層面」，回答「What it meant? / 我點樣活?」。與 Alpha 線不是「真 vs 假」，而是「事實 vs 詮釋」的雙重真相。"
"canon/02_glossary.md","18","timeline_like","**See also**: [Alpha Line](#term-alpha-line) | [Band-Aid Philosophy](#term-band-aid-philosophy) | [Timeline](04_timeline_canon.md#event-alph..."
"canon/02_glossary.md","66","rule_like","由情緒結晶製成的金屬「萬能匙」，繞過內心提煉過程的速成器。軍方將少女精神推至極限，從心之器裂痕收割「靈魂之刺」（情緒結晶），鑄造為裝置。使用者燃燒自己未來靈魂換取現在力量，代價加劇不可逆。"
"canon/02_glossary.md","156","rule_like","多出現在關節、鎖骨、脊線等高壓能量路徑，平時是低可見暗紋，高輸出時會發亮、擴散，與[光環](#term-halo)節拍錯位。它不是裝飾，而是「代價正在發生」的身體提示層。當枷鎖紋與光環同時失穩，通常意味角色正接近不可逆耗損閾值。"
"canon/02_glossary.md","184","rule_like","> 本節只提供術語語意入口；任何規則條文、觸發條件與不可逆判定，以 [World Rules](01_world_rules_and_costs.md) 為唯一權威。"
"canon/02_glossary.md","231","rule_like","在術語層，腐蝕法則只標示「由紋章顯現到結晶剝落的不可逆耗損鏈」。分階段視覺規格見 [Visual Bible](06_visual_bible.md#section-corruption-stages)；機制條文見 [World Rules](01_world_rules_and..."
"canon/02_glossary.md","261","timeline_like","**See also**: [美夜子覺醒事件](04_timeline_canon.md#event-miyako-awakening) | [Miyako](03_characters/miyako.md#section-existence-collapse) | [Dark ..."
"canon/02_glossary.md","312","timeline_like","<a id=""term-soul-leakage""></a> ### <a id=""term-soul-leakage""></a>靈魂滲漏（Soul Leakage） - 一句定義：時間線裂痕與靈魂層失衡造成的存在性外洩現象，會令現實穩定度持續下降。 - 重要性：它是帝國廣場決戰..."
"canon/02_glossary.md","313","timeline_like","<a id=""term-emotion-link""></a> ### <a id=""term-emotion-link""></a>情緒連結（Emotion Link） - 一句定義：戰術上將多名魔法少女的情緒場域短暫同步，換取高強度協同增幅的高風險連結機制。 - 重要性：它是團隊..."
"canon/02_glossary.md","314","timeline_like","<a id=""term-soul-resonance""></a> ### <a id=""term-soul-resonance""></a>靈魂共鳴（Soul Resonance） - 一句定義：超越肉身與時間邊界的意志同步狀態，使已離場角色的「態度殘響」仍可介入當下因果。 - 重..."
"canon/02_glossary.md","315","rule_like,timeline_like","<a id=""term-causal-debt""></a> ### <a id=""term-causal-debt""></a>因果債務（Causal Debt） - 一句定義：每次強行改寫或縫合現實都會累積的系統性反噬成本，最終必須由某個主體償還。 - 重要性：它約束了「改變現實..."
"canon/02_glossary.md","316","timeline_like","<a id=""term-unit-01""></a> ### <a id=""term-unit-01""></a>Unit 01（美夜子兵器編號） - 一句定義：美夜子於復活後被帝國軍方編入的階段一兵器身份代碼。 - 重要性：它標記美夜子由「人」轉為「制度工具」的斷裂點，直接連結其後..."
"canon/02_glossary.md","317","timeline_like","<a id=""term-kurokanae""></a> ### <a id=""term-kurokanae""></a>黑奏（Kurokanae） - 一句定義：由彩在極端創傷下分裂出的保護者人格，後成為帝國最高權力核心。 - 重要性：黑奏是 Alpha/Beta 結構、共振地獄與..."
"canon/02_glossary.md","318","timeline_like","<a id=""term-faceless-executor""></a> ### <a id=""term-faceless-executor""></a>無臉執行官（Faceless Executor） - 一句定義：帝國清剿行動中的高階執行體，象徵制度將個體去人格化後的純功能暴力。..."
"canon/02_glossary.md","319","rule_like,timeline_like","<a id=""term-corpse-transformation""></a> ### <a id=""term-corpse-transformation""></a>屍骸化（Corpse Transformation） - 一句定義：個體在情緒結構崩壞與規則侵蝕下，轉化為[魔法屍..."
"canon/03_character_index.md","6","glossary_like","- 本文件只作角色導航與關係總覽。 - 角色完整設定以各角色 Sheet 為準。 - 不重寫術語與規則全文，統一連結至 Canon 對應檔。"
"canon/03_character_index.md","10","glossary_like","- 劇情功能：在至少一個四幕轉折節點推進衝突或揭示代價。 - 主題功能：對主題「[態度 vs. 命運](02_glossary.md#term-attitude-vs-fate)」提供該角色獨特答案。 - 情緒功能：與晴香路徑形成互補或對照，擴大觀眾理解面。"
"canon/03_character_index.md","27","glossary_like","- **晴香 ↔ 黑奏**：黑奏偽裝成「彩」潛伏在晴香身邊，收割情緒能量 - **晴香 ↔ 夕**：本體與陰影，最終整合 - **秋穗 ↔ 黑奏**：魔鬼契約——黑奏提供救活愛莉的方法，秋穗為黑奏培養晴香 - **夕 ↔ 黑奏**：夕以為自己在反叛，實際上是黑奏的無意識能量農場 ..."
"canon/03_character_index.md","33","glossary_like","本主題聚焦「完美外觀」點樣反過來吞噬人。代表：[操](03_characters/ayakomoji_sou.md)（「沒有痛覺的完美比地獄更可怕」）、[黑奏](03_characters/antagonist.md)（[共振地獄](02_glossary.md#term-res..."
"canon/03_character_index.md","42","timeline_like","**See also**: [秋穗](03_characters/akiho.md) | [Timeline](04_timeline_canon.md#event-alpha-divergence)"
"canon/03_character_index.md","46","timeline_like","**See also**: [彩](03_characters/iroha.md) | [黑奏](03_characters/antagonist.md) | [Timeline](04_timeline_canon.md#event-hotaru-death)"
"canon/03_character_index.md","54","timeline_like","**See also**: [黑奏](03_characters/antagonist.md) | [Timeline](04_timeline_canon.md#event-kurokana-usurp)"
"canon/03_characters/airi.md","2","glossary_like","> **讀者指引**：本頁是愛莉的單一角色 Canon Sheet——秋穗的女兒、第一個人造魔法屍骸石像，以及精神網絡中的「紙皮騎士」。 > 首次閱讀建議先看 [§ Header Table](#char-airi) 與 [§ Want/Need/Lie/Truth](#sect..."
"canon/03_characters/airi.md","6","glossary_like","- 本文件只負責該角色的人設真相、心理弧、關係與不可改設定。 - 術語/規則/事件只連到 Canon，不在此重寫完整定義。"
"canon/03_characters/airi.md","8","glossary_like","| 欄位 | 內容 | |------|------| | **全名** | 東雲愛莉（しののめ あいり） | | **年齡** | 10 代初（成為屍骸時） | | **身份** | 秋穗的女兒、第一個人造[魔法屍骸](../02_glossary.md#term-magica..."
"canon/03_characters/airi.md","12","glossary_like","愛莉闖入母親[秋穗](akiho.md)的實驗室接觸情緒力量裝置，意外成為[緋潮](../02_glossary.md#term-scarlet-tide)的第一個人類錨點——世界上第一個人造[魔法屍骸](../02_glossary.md#term-magical-corpse..."
"canon/03_characters/airi.md","13","timeline_like","**See also**: [Timeline — 愛莉事故](../04_timeline_canon.md#event-airi-accident)"
"canon/03_characters/airi.md","15","glossary_like","瓦楞紙箱盔甲、膠帶纏繞紙劍、蠟筆畫的笑臉太陽紙盾——這就是愛莉在[集體潛意識](../02_glossary.md#term-collective-unconscious)中的全部裝備。她以毒舌少女的語氣指引表姐[晴香](haruka.md)，用最廉價的材料擋住最沉重的命運。"
"canon/03_characters/airi.md","26","glossary_like","| 維度 | 內容 | |------|------| | **Want** | 守護母親和表姐；阻止[共振地獄](../02_glossary.md#term-resonance-hell)計劃；讓母親知道「我從來沒怪過妳」 | | **Need** | 讓母親放手；獲得母親原..."
"canon/03_characters/airi.md","30","glossary_like","| 符號 | 意義 | |------|------| | 紙皮盔甲與紙劍 | 最廉價的材料擋住命運——價值不在材質，在[態度](../02_glossary.md#term-attitude-vs-fate) | | 石像 | 現實中的囚禁——被困在自己身體中的靈魂 | | 黑..."
"canon/03_characters/airi.md","31","glossary_like","**主題關聯**：子主題 C「身份的本質」——即使變成石像、即使只有紙皮武裝，[態度](../02_glossary.md#term-attitude-vs-fate)決定存在的意義。子主題 D「連結的價值」——母女之間無法被石化阻斷的羈絆。"
"canon/03_characters/airi.md","37","glossary_like","[濾心](../02_glossary.md#term-filter-heart)機制過載，紙皮騎士的戰鬥愈發激烈。紙皮盔甲開始碎裂，黑色觸手越來越多。愛莉在精神戰場上獨自苦戰，每次受傷都用膠帶把紙皮重新黏回去。"
"canon/03_characters/airi.md","39","glossary_like","在晴香的夢境中，紙皮騎士終於開口——「笨蛋表姐！」。愛莉將活體黑盒中保存的關鍵真相碎片交給晴香，揭露 [Alpha 線](../02_glossary.md#term-alpha-line)被隱藏的記憶。"
"canon/03_characters/airi.md","44","glossary_like","1. **紙皮騎士裝備**：穿瓦楞紙箱盔甲、揮舞膠帶紙劍——用孩子的方式守護世界 2. **斬斷黑色觸手**：精神層面守護隊友免受[黑奏](antagonist.md)[情緒侵蝕](../02_glossary.md#term-emotional-erosion)，每次揮劍都帶著..."
"canon/03_characters/airi.md","58","glossary_like","| 對象 | 關係 | 核心動態 | |------|------|---------| | [秋穗](akiho.md) | 母親 | 秋穗每天懺悔，愛莉全都聽到；核心母女線收束於「我從來沒怪過妳」 | | [晴香](haruka.md) | 表姐 | 在夢境中以毒舌引導晴香；..."
"canon/03_characters/airi.md","60","timeline_like","## <a id=""section-event-anchors""></a>關鍵事件錨點（Timeline 對齊）"
"canon/03_characters/airi.md","61","timeline_like","- [愛莉事故](../04_timeline_canon.md#event-airi-accident)：紙皮騎士弧光的起點。 - [紙皮騎士守護（一）](../04_timeline_canon.md#event-paper-knight-1)：先在美夜子噩夢場域出現，建立潛..."
"canon/03_characters/airi.md","66","glossary_like,timeline_like","- [秋穗 Canon Sheet](akiho.md) — 母親的罪孽與救贖 - [晴香 Canon Sheet](haruka.md) — 表姐、創世者 - [Character Index](../03_character_index.md) — 角色總覽與關係網 - [T..."
"canon/03_characters/akiho.md","6","glossary_like","- 本文件只負責該角色的人設真相、心理弧、關係與不可改設定。 - 術語/規則/事件只連到 Canon，不在此重寫完整定義。"
"canon/03_characters/akiho.md","8","glossary_like,timeline_like","| 欄位 | 內容 | |------|------| | **全名** | 東雲秋穗（しののめ あきほ） | | **年齡** | 40 代（帝國歷 113 年時） | | **身份** | 頂尖生命機械學家、[情緒力量裝置](../02_glossary.md#term-em..."
"canon/03_characters/akiho.md","14","rule_like,glossary_like,timeline_like","帝國歷 98 年的愛莉事故構成秋穗角色弧的不可逆起點。此處只保留角色心理與責任意義；事故客觀鏈與機制口徑分別見 [Timeline：愛莉事故](../04_timeline_canon.md#event-airi-accident) 與 [Glossary：魔法屍骸](../02..."
"canon/03_characters/akiho.md","15","timeline_like","**See also**: [愛莉事故](../04_timeline_canon.md#event-airi-accident)"
"canon/03_characters/akiho.md","19","timeline_like","為黑奏服務期間，秋穗犯下最不可饒恕的罪行——把美夜子推入 Unit 01 路線。此段聚焦罪責與心理後果；技術流程與事件順序見 [Timeline：美夜子復活](../04_timeline_canon.md#event-miyako-revival)。"
"canon/03_characters/akiho.md","20","timeline_like","**See also**: [美夜子復活](../04_timeline_canon.md#event-miyako-revival)"
"canon/03_characters/akiho.md","22","glossary_like","每天，秋穗都會來到愛莉的石像前說話。她傾訴研究進展、說晴香今天的狀況、哭訴自己的罪孽。她不知道的是——愛莉在[集體潛意識](../02_glossary.md#term-collective-unconscious)的精神深處聽得到一切。每一句話，每一聲嗚咽，愛莉都記住了。"
"canon/03_characters/akiho.md","23","glossary_like","**See also**: [愛莉的濾心機制](../02_glossary.md#term-filter-mechanism)"
"canon/03_characters/akiho.md","25","glossary_like","「過程不重要，結果才是一切。」——這句話是秋穗的行事信條。為了救愛莉，她可以犧牲任何人；為了超越花子，她可以跨越任何道德底線。她開發[情緒毒品](../02_glossary.md#term-emo-visor)、協助建立[魔法少女](../02_glossary.md#term..."
"canon/03_characters/akiho.md","30","rule_like","**Lie（核心謊言）**： - 「收集足夠能量就能救愛莉」——黑奏的承諾從未打算兌現 - 「結果才是一切」——過程中造成的傷害同樣真實且不可逆 - 「我是為了愛莉才這麼做」——部分動機是為了超越花子和自我救贖"
"canon/03_characters/akiho.md","31","glossary_like","**Truth（最終真相）**： - 真正的救贖不是修正過去，而是接納現在 - 愛莉需要的不是科學奇蹟，而是母親的一句「對不起」和女兒的一句「我原諒妳」 - [態度比命運更重要](../02_glossary.md#term-attitude-vs-fate)——「我做錯了，但我..."
"canon/03_characters/akiho.md","36","timeline_like","**See also**: [無臉執行官真相](../04_timeline_canon.md#event-faceless-truth) | [秋穗的循環](../04_timeline_canon.md#event-akiho-time-loop)"
"canon/03_characters/akiho.md","40","glossary_like","秋穗以「茶餐廳老闆娘」身份守護[晴香](haruka.md)，隱藏科學家過去。表面是溫暖的阿姨，暗中培養晴香的[情緒增幅器](../02_glossary.md#term-emotional-amplifier)能力，監控其力量成長。每天仍到愛莉石像前懺悔。"
"canon/03_characters/akiho.md","42","timeline_like","秋穗在第二幕失去「善意監護人」的道德位置。   她從保護者翻轉為加害鏈節點，與晴香的關係由信任轉為審判。規則與機制內容統一回指 [守恆定律揭露](../04_timeline_canon.md#event-conservation-revealed)。"
"canon/03_characters/akiho.md","43","timeline_like","**See also**: [守恆定律揭露](../04_timeline_canon.md#event-conservation-revealed)"
"canon/03_characters/akiho.md","47","glossary_like","[愛莉](airi.md)的聲音從[集體潛意識](../02_glossary.md#term-collective-unconscious)深處傳來——"
"canon/03_characters/akiho.md","68","timeline_like","## <a id=""section-event-anchors""></a>關鍵事件錨點（Timeline 對齊）"
"canon/03_characters/akiho.md","69","timeline_like","- [愛莉事故](../04_timeline_canon.md#event-airi-accident)：罪責起點與技術原罪。 - [守恆定律揭露](../04_timeline_canon.md#event-conservation-revealed)：從遮掩者轉為揭露者。 ..."
"canon/03_characters/akiho.md","74","glossary_like,timeline_like","- [Character Index](../03_character_index.md) - [Story Outline](../05_story_outline_canon.md) — 四幕結構完整劇情 - [Timeline: 愛莉事故](../04_timeline_c..."
"canon/03_characters/antagonist.md","2","timeline_like","> **讀者指引**：本頁是「黑奏」的 Canon Sheet——從[彩](iroha.md)的創傷中誕生的保護者人格，後成為帝國皇帝與極致修正主義者。 > 黑奏與彩共享一具身體。理解黑奏必須先理解螢的死亡（[Timeline](../04_timeline_canon.md#e..."
"canon/03_characters/antagonist.md","6","glossary_like","- 本文件只負責該角色的人設真相、心理弧、關係與不可改設定。 - 術語/規則/事件只連到 Canon，不在此重寫完整定義。"
"canon/03_characters/antagonist.md","8","glossary_like,timeline_like","| 項目 | 內容 | |------|------| | 身份 | [彩](iroha.md)的保護者人格 / 帝國皇帝 / 極致修正主義者 | | 誕生 | 帝國歷 79 年——6 歲時螢被殺，從彩的創傷中分裂 | | 篡位 | 帝國歷 85 年——弒殺養父[帝國皇帝](....."
"canon/03_characters/antagonist.md","12","timeline_like","帝國歷 79 年，6 歲的[彩](iroha.md)在通風管道中因恐懼過度換氣，哭聲引來士兵，螢為保護她衝出去被殺。那一刻，彩的靈魂為了生存而分裂——「黑奏」誕生。她的第一個念頭不是復仇，而是：「我不會再讓彩感到恐懼。」"
"canon/03_characters/antagonist.md","13","timeline_like","**See also**: [Timeline — 黑奏創傷事件](../04_timeline_canon.md#event-hotaru-death) | [螢（次要角色）](../03_character_index.md#char-hotaru)"
"canon/03_characters/antagonist.md","17","glossary_like","### 修正方案——[共振地獄](../02_glossary.md#term-resonance-hell)（痛楚公有化）"
"canon/03_characters/antagonist.md","18","glossary_like","黑奏把共振地獄當成「慈悲工程」：不靠勸善，而是讓所有人先痛再行動。   她相信這能終止暴力，卻同時把自由意志壓成服從機制。角色層面上，這是她由保護者滑向獨裁者的關鍵一步。機制條文見 [Glossary：共振地獄](../02_glossary.md#term-resonance-..."
"canon/03_characters/antagonist.md","21","glossary_like","1. **初始版本**（帝國歷 79-85 年）：修正「人類傷害人類」→ 共振地獄 v1（痛覺共享） 2. **中期版本**（帝國歷 85-102 年）：修正「人類感到恐懼」→ 情緒壓抑系統（[Emo-Visor](../02_glossary.md#term-emo-visor..."
"canon/03_characters/antagonist.md","24","rule_like,timeline_like","帝國歷 85 年，12 歲的黑奏弒殺養父帝國皇帝篡位。標誌著從「保護者」到「獨裁者」的不可逆轉折——為了保護彩，她需要權力；為了權力，她需要帝國；為了帝國，她需要成為她曾經憎恨的暴君。"
"canon/03_characters/antagonist.md","25","timeline_like","**See also**: [Timeline — 黑奏篡位](../04_timeline_canon.md#event-kurokana-usurp) | [帝國皇帝（次要角色）](../03_character_index.md#char-emperor)"
"canon/03_characters/antagonist.md","27","glossary_like","1. **[Emo-Visor](../02_glossary.md#term-emo-visor) 推廣**：將情緒毒品普及為社會基礎設施，建立情緒數據監控網 2. **搶奪原初之苦**：把[愛莉](airi.md)推入失控邊緣，奪取[集體潛意識](../02_glossary..."
"canon/03_characters/antagonist.md","29","glossary_like","魔法少女是「極限情感數據養殖場」。黑奏的策略是放養而非一次性收割——讓少女經歷希望、絕望、再希望、再絕望的循環，每次循環都產生更高純度的情緒能量。對她而言，[魔法屍骸](../02_glossary.md#term-magical-corpse)只是收割流程的末端產物（術語口徑見..."
"canon/03_characters/antagonist.md","38","glossary_like","| 維度 | 內容 | |------|------| | **Want** | 建立[共振地獄](../02_glossary.md#term-resonance-hell)；消滅情緒缺陷；創造彩能活的完美世界 | | **Need** | 承認無法拯救彩；放棄修正主義；讓彩自..."
"canon/03_characters/antagonist.md","42","glossary_like","| 符號 | 意義 | |------|------| | 萬花筒[心匣](../02_glossary.md#term-heart-container) | 扭曲的愛——將世界折疊成「無痛苦」的美麗幻象 | | [共振地獄](../02_glossary.md#term-res..."
"canon/03_characters/antagonist.md","48","glossary_like","偽裝成轉校生「彩」接近[晴香](haruka.md)。收集情緒數據，測試晴香的[情緒增幅器](../02_glossary.md#term-emotional-amplifier)極限。表面上是溫順的新同學，實際上每一個微笑、每一次示弱都是精心設計的心理實驗。"
"canon/03_characters/antagonist.md","49","glossary_like","黑奏在此階段建立情報網：通過「彩」的視角觀察所有魔法少女的弱點，標記每個人的[執念飽和度](../02_glossary.md#term-saturation-of-obsession)臨界值。"
"canon/03_characters/antagonist.md","56","glossary_like","強制連結所有人類神經，啟動[共振地獄](../02_glossary.md#term-resonance-hell)。帝國廣場成為決戰場。[緋潮](../02_glossary.md#term-scarlet-tide)反噬與黑奏的修正力量交織——世界在「接納」與「修正」之間撕裂..."
"canon/03_characters/antagonist.md","57","timeline_like","在第三幕中段，黑奏刻意執行「[真身揭露：巨大衣服，微小的神](../04_timeline_canon.md#event-kurokana-body-reveal)」：以皇袍滑落暴露幼體身軀，將「皇權威壓」瞬間轉成「被囚禁孩童」的心理震波。這不是示弱，而是對敵我認知的重新編排：迫..."
"canon/03_characters/antagonist.md","59","timeline_like","**See also**: [Timeline — 最終決戰](../04_timeline_canon.md#event-final-battle) | [Story Outline](../05_story_outline_canon.md)"
"canon/03_characters/antagonist.md","72","glossary_like","與[鏡像法則](../02_glossary.md#term-mirror-law)的關係：黑奏把「映照真實」當作可被操控的舞台道具。角色意義上，這可視為她修正主義的視覺化；法則條文與演出規格分別見 [World Rules](../01_world_rules_and_cost..."
"canon/03_characters/antagonist.md","75","glossary_like","| 對象 | 關係 | 性質 | |------|------|------| | [彩](iroha.md) | 主人格 / 被保護者 | 黑奏存在的唯一理由；最終被彩選擇否定 | | [螢](../03_character_index.md#char-hotaru) | 創傷..."
"canon/03_characters/antagonist.md","77","timeline_like","## <a id=""section-event-anchors""></a>關鍵事件錨點（Timeline 對齊）"
"canon/03_characters/antagonist.md","78","timeline_like","- [黑奏創傷事件](../04_timeline_canon.md#event-kurokanae-trauma)：保護者人格誕生。 - [黑奏篡位](../04_timeline_canon.md#event-kurokana-usurp)：由保護者轉為統治者。 - [真身揭..."
"canon/03_characters/antagonist.md","83","glossary_like,timeline_like","- [彩 Canon Sheet](iroha.md) — 被囚禁的主人格 - [晴香 Canon Sheet](haruka.md) — 被黑奏操縱的創世者 - [Character Index](../03_character_index.md) — 角色總覽與關係網 - [..."
"canon/03_characters/ayakomoji_sou.md","6","glossary_like","- 本文件只負責該角色的人設真相、心理弧、關係與不可改設定。 - 術語/規則/事件只連到 Canon，不在此重寫完整定義。"
"canon/03_characters/ayakomoji_sou.md","8","timeline_like","| 欄位 | 內容 | |------|------| | **本名** | 綾小路操（あやこもじ そう）——生理女性，被家族強制以男性身份養育 | | **年齡** | 18 歲（帝國歷 113 年時） | | **身份** | 綾小路家族繼承人、魔法少女、傀儡師 | | **..."
"canon/03_characters/ayakomoji_sou.md","17","timeline_like","**See also**: [紗夜（次要角色）](../03_character_index.md#char-sayo) | [鏡像破碎之夜](../04_timeline_canon.md#event-mirror-shatter-night)"
"canon/03_characters/ayakomoji_sou.md","21","timeline_like","在[朱音失控期](../04_timeline_canon.md#event-misao-mediation)，操第一次不用「戰術正確」說服隊友，而是直接暴露情感：「我知妳痛，我都痛；但我唔會放棄妳。」調停仍然失敗，並以她重傷收場。   這次失敗是操心理弧的硬轉折：她確認「控制、..."
"canon/03_characters/ayakomoji_sou.md","25","glossary_like","父親的背叛（將操交給帝國）與紗夜的犧牲（臨終揭露真相）在同一夜發生。雙重打擊將操推入半[屍骸化](../02_glossary.md#term-magical-corpse)狀態。在崩潰邊緣，操做出定義性的選擇——「停留」。"
"canon/03_characters/ayakomoji_sou.md","26","timeline_like","**See also**: [鏡像破碎之夜](../04_timeline_canon.md#event-mirror-shatter-night)"
"canon/03_characters/ayakomoji_sou.md","28","timeline_like","帝國在第三幕前段把「衛生行動」升級成公開處刑公告，對外以「終極變異體」語言建構恐懼（見 [公開處刑公告（陷阱）](../04_timeline_canon.md#event-public-execution-bait)）。   對操而言，這是第二次身份剝奪：第一次來自家族把她當作..."
"canon/03_characters/ayakomoji_sou.md","36","glossary_like","**Truth（最終真相）**： - 沒有痛覺的完美比地獄更可怕 - 殘缺的身體能流出眼淚——這比完美的空殼更珍貴 - 選擇停留不是退縮，而是主體性聲明：我由我自己定義（見 [態度 vs. 命運](../02_glossary.md#term-attitude-vs-fate)）"
"canon/03_characters/ayakomoji_sou.md","40","glossary_like","**象徵**： - **精緻人偶** — 完美偽裝的具現化 / 內在空洞的映射。操的傀儡戰鬥風格本身就是她人生的隱喻：操控外物，隔離真實 - **貓咪玩偶** — 唯一不需要表演的對象。私下抱貓咪玩偶是操卸下面具的極少數時刻 - **無心完美人偶** — 形式極致的代價。完美身體..."
"canon/03_characters/ayakomoji_sou.md","49","glossary_like","父親背叛（交給帝國）+ [紗夜](../03_character_index.md#char-sayo)犧牲（臨終揭露真相）→ 半[屍骸化](../02_glossary.md#term-magical-corpse)。製作無心完美人偶 → 感受喪失 →「沒有痛覺的完美比地獄更可..."
"canon/03_characters/ayakomoji_sou.md","50","timeline_like","**See also**: [鏡像破碎之夜](../04_timeline_canon.md#event-mirror-shatter-night)"
"canon/03_characters/ayakomoji_sou.md","52","timeline_like","[嘆息之橋](../04_timeline_canon.md#event-bridge-of-sighs)。測量頻率暴增 → 用絲線「整形手術」→ 第 13 天「鋼鐵獨舞」切斷變形的左手 → 最終以「人偶牆」封鎖通道保護隊友。最終宣言：「我選擇停留在我想停留的位置。這是我的態度。..."
"canon/03_characters/ayakomoji_sou.md","62","glossary_like","- **傀儡設計**：兩具巨大無臉人偶（「父」「母」），插滿刀刃與手術刀，血跡斑斑——家庭創傷的戰鬥具現化 - **戰鬥風格**：潔癖的指揮家。手指如彈鋼琴般操控傀儡，絕不讓自己的腳接觸地面——用絲線懸吊或在空中滑行 - **手套升級**：魔法蕾絲長手套（更精緻的隔離層） - *..."
"canon/03_characters/ayakomoji_sou.md","69","timeline_like","| 對象 | 關係 | 核心動態 | |------|------|---------| | [紗夜](../03_character_index.md#char-sayo) | 管家 / 真正守護者 | 唯一給予無條件愛的人；臨終真相觸發崩潰與覺醒 | | 父親 | 原生家庭 ..."
"canon/03_characters/ayakomoji_sou.md","71","timeline_like","## <a id=""section-event-anchors""></a>關鍵事件錨點（Timeline 對齊）"
"canon/03_characters/ayakomoji_sou.md","72","timeline_like","- [操的調停嘗試（調停失敗）](../04_timeline_canon.md#event-misao-mediation)：理性協商路線崩解，觸發弧光轉向。 - [公開處刑公告（陷阱）](../04_timeline_canon.md#event-public-executi..."
"canon/03_characters/ayakomoji_sou.md","77","glossary_like,timeline_like","- [Character Index](../03_character_index.md) - [Story Outline](../05_story_outline_canon.md) — 四幕結構完整劇情 - [Timeline: 嘆息之橋](../04_timeline_c..."
"canon/03_characters/haruka.md","6","glossary_like","- 本文件只負責該角色的人設真相、心理弧、關係與不可改設定。 - 術語/規則/事件只連到 Canon，不在此重寫完整定義。"
"canon/03_characters/haruka.md","8","glossary_like,timeline_like","| 欄位 | 內容 | |------|------| | **全名** | 雨宮晴香（あめみや はるか）/ 春日井晴香（藝名） | | **年齡** | 17 歲（帝國歷 113 年時） | | **誕生** | 帝國歷 97 年 | | **身份** | 少年偶像、創世者（不..."
"canon/03_characters/haruka.md","15","timeline_like","**See also**: [Alpha Divergence 事件](../04_timeline_canon.md#event-alpha-divergence)"
"canon/03_characters/haruka.md","17","glossary_like","5 歲時，她的力量被扭曲——變成情緒炸彈。她會把周圍人的感受放大到失控程度。這份[情緒增幅器](../02_glossary.md#term-emotional-amplifier)力量既是光源，也是隨時可能引爆的災難。"
"canon/03_characters/haruka.md","19","glossary_like","為了自保，晴香的靈魂撕裂——所有無法面對的痛苦、恐懼、以及 Alpha 線的真實記憶，凝聚成潛意識人格[「夕」](../02_glossary.md#term-yu)。[秋穗](akiho.md)利用情緒力量裝置將真相封存，讓晴香只知道「媽媽生我時去世了」。"
"canon/03_characters/haruka.md","25","timeline_like","在[真相揭露（膠布哲學第三層）](../04_timeline_canon.md#event-band-aid-third-reveal)中，晴香被迫聽見最殘酷的命名：Beta 線不是救贖完成，而是「在屍體上貼膠布」的延後崩解。   這一步把晴香的罪責感由「我救唔到人」升級成「我..."
"canon/03_characters/haruka.md","29","glossary_like","**Need（隱性需求）**： - 直面 [Alpha 線](../02_glossary.md#term-alpha-line)真相，接納自己作為「創世者」的責任 - 整合[夕](yu.md)，承認自己的陰影面 - 學會「我唔用魔法都要照顧自己」——不依賴拯救他人來證明存在價值"
"canon/03_characters/haruka.md","31","glossary_like","**Truth（最終真相）**： - 無法改變事實（Alpha），只能[改變態度](../02_glossary.md#term-attitude-vs-fate)（Beta） - 代價不會憑意志蒸發；她唯一能主導的是「如何承擔」與「為誰承擔」（規則口徑見 [情緒守恆](../0..."
"canon/03_characters/haruka.md","35","glossary_like","**象徵**： - **光與陰影的雙生子** — 晴香與[夕](yu.md)的共生關係，太陽必然伴隨影子 - **痛苦的容器（靜止搖籃）** — 最終形態：成為世界的情緒濾網，吸收並轉化[集體潛意識](../02_glossary.md#term-collective-uncon..."
"canon/03_characters/haruka.md","41","glossary_like,timeline_like","經歷[凜的犧牲](../04_timeline_canon.md#event-rin-sacrifice)、[三位一體光譜](../02_glossary.md#term-trinity-spectrum)真相揭露、系統本質暴露。英雄敘事崩塌。髮色暗淡，眼中高光消失，身上出現第一..."
"canon/03_characters/haruka.md","45","glossary_like","覺醒但失去記憶。成為「靜止搖籃」——世界的情緒濾網，吸收並轉化[集體潛意識](../02_glossary.md#term-collective-unconscious)的負面情緒。純白髮，近乎透明的灰白瞳孔。服裝融合了[夕](yu.md)的黑色元素。情感徹底耗損後的「空殼感」與..."
"canon/03_characters/haruka.md","48","glossary_like","1. **[膠布哲學](../02_glossary.md#term-band-aid-philosophy)** — 在手指或手臂貼彩色膠布，「痛是證據」。每次貼膠布都是儀式化的自我提醒 2. **鏡中對話** — 經常對著鏡子自言自語，試圖與[夕](yu.md)溝通（早期）或..."
"canon/03_characters/haruka.md","64","timeline_like","## <a id=""section-event-anchors""></a>關鍵事件錨點（Timeline 對齊）"
"canon/03_characters/haruka.md","65","timeline_like","- [Alpha 分歧創世](../04_timeline_canon.md#event-alpha-divergence)：5 歲晴香創造 Beta 線的原罪起點。 - [經理人背叛／形象商品化](../04_timeline_canon.md#event-manager-be..."
"canon/03_characters/haruka.md","70","glossary_like,timeline_like","- [Character Index](../03_character_index.md) - [Story Outline](../05_story_outline_canon.md) — 四幕結構完整劇情 - [Timeline](../04_timeline_canon.m..."
"canon/03_characters/iroha.md","2","timeline_like","> **讀者指引**：本頁是「彩」的 Canon Sheet——被囚禁在自己靈魂深處的主人格。她與[黑奏](antagonist.md)共享一具身體，卻被剝奪了一切行動自由。 > 理解彩必須先理解螢的死亡（[Timeline](../04_timeline_canon.md#ev..."
"canon/03_characters/iroha.md","6","glossary_like","- 本文件只負責該角色的人設真相、心理弧、關係與不可改設定。 - 術語/規則/事件只連到 Canon，不在此重寫完整定義。"
"canon/03_characters/iroha.md","8","timeline_like","| 項目 | 內容 | |------|------| | 本名 | 澄川彩（改名神樂彩，帝國皇帝收養後） | | 年齡 | 40 歲（帝國歷 113 年時；外表為轉校生少女） | | 誕生 | 帝國歷 73 年（夜區戰爭孤兒） | | 創傷事件 | 帝國歷 79 年——6 歲時..."
"canon/03_characters/iroha.md","12","glossary_like","6 歲起被困在自己靈魂最深處。螢死去那一刻，[黑奏](antagonist.md)保護者人格誕生，將彩鎖進[心房](../02_glossary.md#term-heart-chamber)最裏層——從此彩只能以觀察者身份目睹黑奏以她名義做的一切。"
"canon/03_characters/iroha.md","13","glossary_like","彩的囚禁不是物理性的，而是心理性的。她的[心房](../02_glossary.md#term-heart-chamber)被黑奏重構為一個永遠停留在通風管道那夜的空間——黑暗、狹窄、充滿螢的血腥氣味。彩在這裏等待了 34 年。"
"canon/03_characters/iroha.md","15","glossary_like,timeline_like","帝國歷 79 年，靈樹戰爭末期。6 歲的彩和螢藏在[夜區](../02_glossary.md#term-night-district)建築的通風管道中躲避帝國軍搜索。彩因恐懼過度換氣，無法控制呼吸。哭聲穿透薄弱的管壁，引來士兵腳步聲。"
"canon/03_characters/iroha.md","17","timeline_like","**See also**: [Timeline — 螢的死亡](../04_timeline_canon.md#event-hotaru-death) | [螢（次要角色）](../03_character_index.md#char-hotaru)"
"canon/03_characters/iroha.md","19","glossary_like","「有牠陪著妳，就等於我陪著妳。」這隻熊公仔是彩與黑奏的共享契約信物（[心匣條目](../02_glossary.md#term-heart-container)；[物件規格](../07_entities_and_devices.md#section-heart-containe..."
"canon/03_characters/iroha.md","21","glossary_like","被囚禁的彩目睹了黑奏以她名義做的一切——篡奪帝國、製造[情緒病毒](../02_glossary.md#term-emotion-virus)、操縱[晴香](haruka.md)。她無法呼喊、無法阻止，只能在潛意識深處無聲哭泣。"
"canon/03_characters/iroha.md","25","glossary_like","帝國廣場決戰。黑奏啟動[共振地獄](../02_glossary.md#term-resonance-hell)，強制連結所有人類神經。[緋潮](../02_glossary.md#term-scarlet-tide)反噬即將撕裂天空。在這一刻，彩用盡 34 年積蓄的全部意志奪回..."
"canon/03_characters/iroha.md","26","glossary_like","彩沒有說話。她只是抬起手，燃燒自己的靈魂填補天空裂痕。不是為了贖罪，不是為了英雄式的結局——只是因為：「這是我自己選擇的。」靈魂在燃燒中散發出金色光芒，與[緋潮](../02_glossary.md#term-scarlet-tide)的猩紅交織，風暴平息。"
"canon/03_characters/iroha.md","28","glossary_like,timeline_like","靈魂燃燒後並未消散——被[集體潛意識](../02_glossary.md#term-collective-unconscious)捕獲，投入永恆的時間迴圈。在每個時間線中，她回到帝國歷 79 年的通風管道那夜。她不再逃跑，不再哭泣，不再因恐懼而換氣過度。她選擇在每一次輪迴中，阻..."
"canon/03_characters/iroha.md","30","timeline_like","**See also**: [Timeline — 最終決戰](../04_timeline_canon.md#event-final-battle)"
"canon/03_characters/iroha.md","37","glossary_like","| 符號 | 意義 | |------|------| | 殘舊熊公仔 | 螢的遺物 / 愛的形態 / 彩與黑奏共享的契約信物（[心匣](../02_glossary.md#term-heart-container)） | | 通風管道 | 創傷起源 / 永恆輪迴的起點 | | ..."
"canon/03_characters/iroha.md","42","glossary_like","[黑奏](antagonist.md)偽裝成轉校生「彩」接近[晴香](haruka.md)。真正的彩被囚禁在[心房](../02_glossary.md#term-heart-chamber)深處觀看——目睹黑奏模仿自己的笑容、用自己的聲音說謊。最殘酷的是：黑奏的偽裝完美到連晴香..."
"canon/03_characters/iroha.md","45","glossary_like","黑奏以彩的名義全面展開計劃——推廣 [Emo-Visor](../02_glossary.md#term-emo-visor)、收割[情緒能量](../02_glossary.md#term-emotional-erosion)、養殖極限情感數據。彩目睹一切卻無力阻止。每一次黑奏..."
"canon/03_characters/iroha.md","48","glossary_like,timeline_like","帝國廣場[最終決戰](../04_timeline_canon.md#event-final-battle)。黑奏啟動[共振地獄](../02_glossary.md#term-resonance-hell)。彩用盡全部意志奪回身體控制權——34 年的沉默在這一刻爆發。她燃燒靈魂..."
"canon/03_characters/iroha.md","51","glossary_like","靈魂被[集體潛意識](../02_glossary.md#term-collective-unconscious)捕獲，回到通風管道那夜。她在每個時間線中守護 6 歲的自己——不是消滅黑奏，而是讓年幼的彩學會自己面對恐懼。"
"canon/03_characters/iroha.md","52","glossary_like","這不是懲罰——這是她選擇的[態度](../02_glossary.md#term-attitude-vs-fate)。在每一次輪迴中，彩證明了她的 Truth：承認痛苦不等於軟弱。"
"canon/03_characters/iroha.md","56","glossary_like","1. **沉默的哭泣**：在潛意識深處無聲哭泣，淚水在[心房](../02_glossary.md#term-heart-chamber)中結晶化 2. **擁抱熊公仔**：在意識空間中緊抱螢的遺物——唯一的安慰 3. **對晴香的回應**：晴香的善意觸動情緒波動，偶爾在黑奏的控..."
"canon/03_characters/iroha.md","68","glossary_like","| 對象 | 關係 | 性質 | |------|------|------| | [黑奏](antagonist.md) | 保護者人格 / 囚禁者 | 黑奏為保護彩而誕生，最終成為彩最大的牢籠。彩的覺醒意味著否定黑奏 34 年的「保護」 | | [螢](../03_chara..."
"canon/03_characters/iroha.md","70","timeline_like","## <a id=""section-event-anchors""></a>關鍵事件錨點（Timeline 對齊）"
"canon/03_characters/iroha.md","71","timeline_like","- [彩誕生](../04_timeline_canon.md#event-aya-birth)：主人格時間循環的起點。 - [螢之死](../04_timeline_canon.md#event-hotaru-death)：促發黑奏人格誕生的創傷節點。 - [彩的覺醒與犧牲](..."
"canon/03_characters/iroha.md","76","glossary_like,timeline_like","- [黑奏 Canon Sheet](antagonist.md) — 保護者人格的完整檔案 - [晴香 Canon Sheet](haruka.md) — 被黑奏操縱的創世者 - [Character Index](../03_character_index.md) — 角色總..."
"canon/03_characters/iwakura_akane.md","6","glossary_like","- 本文件只負責該角色的人設真相、心理弧、關係與不可改設定。 - 術語/規則/事件只連到 Canon，不在此重寫完整定義。"
"canon/03_characters/iwakura_akane.md","8","glossary_like,timeline_like","| 欄位 | 內容 | |------|------| | **全名** | 岩倉朱音（いわくら あかね） | | **年齡** | 18 歲（帝國歷 113 年時） | | **出身** | 夜區毒品街區 | | **家庭** | 父母（[情緒膠囊](../02_glossar..."
"canon/03_characters/iwakura_akane.md","20","timeline_like","**See also**: [小光](ko_hikaru.md) | [小光之死](../04_timeline_canon.md#event-ko-hikaru-death)"
"canon/03_characters/iwakura_akane.md","22","glossary_like","小光[屍骸化](../02_glossary.md#term-magical-corpse)後，被[黑奏](antagonist.md)操控。朱音無法接受小光的「死亡」，選擇建立「屍骸樂園」——收容所有無主屍骸，成為屍骸首領。她將屍骸視為「飢餓的孩子」，試圖透過保護它們來彌補未能..."
"canon/03_characters/iwakura_akane.md","23","timeline_like","**See also**: [恐怖遊樂場事件](../04_timeline_canon.md#event-terror-playhouse)"
"canon/03_characters/iwakura_akane.md","25","timeline_like","在[操的調停嘗試](../04_timeline_canon.md#event-misao-mediation)中，朱音其實第一次被隊友正面承認痛苦，但她仍選擇拒絕。對朱音而言，若接受這份理解，就等於承認自己仍有「回到人群」的可能；而這會直接撞上她最深的罪惡感（弟弟與小光）。  ..."
"canon/03_characters/iwakura_akane.md","27","timeline_like","帝國歷 114 年 Day 14，朱音穿著垃圾製成的鎧甲、手持生鏽電鋸回到隊伍。她以過載變身加上吞下過期糖果毒素觸發自爆——將自己燃燒成一座糖果山，保護隊友撤退。遺言：「我唔想再一個人食飯。」"
"canon/03_characters/iwakura_akane.md","28","timeline_like","**See also**: [嘆息之橋](../04_timeline_canon.md#event-bridge-of-sighs)"
"canon/03_characters/iwakura_akane.md","34","glossary_like","**Truth（最終真相）**： - 給予比索取更能填補空虛 - 出於愛的犧牲比義務更動人 - 治癒失敗不代表無法選擇如何燃燒（[態度 vs. 命運](../02_glossary.md#term-attitude-vs-fate)）"
"canon/03_characters/iwakura_akane.md","38","glossary_like","**象徵**： - **過期罐頭** — [Alpha 線](../02_glossary.md#term-alpha-line)空米缸的過度補償；在 Beta 線中病態囤積食物，用物質填補永遠填不滿的飢餓 - **波板糖** — 小光的遺物。甜蜜與死亡的雙重象徵——弟弟死於「糖..."
"canon/03_characters/iwakura_akane.md","43","glossary_like","以戰鬥成癮者身份加入隊伍。囤積戰利品、過期罐頭、螺絲釘——[Alpha 線](../02_glossary.md#term-alpha-line)空米缸的過度補償。過度殘暴的戰鬥風格引起隊友不安，但她的戰鬥力不可否認。病態囤積與永恆警戒暗示深層創傷。"
"canon/03_characters/iwakura_akane.md","45","glossary_like","遇見[小光](ko_hikaru.md)——學會「給予」，短暫體驗溫暖。但小光[屍骸化](../02_glossary.md#term-magical-corpse)後，[黑奏](antagonist.md)操控小光的屍骸。朱音精神崩潰，墮落為屍骸首領，建立「屍骸樂園」。"
"canon/03_characters/iwakura_akane.md","47","rule_like","本幕的角色功能是把朱音推到「被愛也不敢回頭」的位置。   她把屍骸當作可被餵養的孩子，實際上是在拒絕承認自己的喪失已不可逆。這種拒認讓她與隊伍必然對立。"
"canon/03_characters/iwakura_akane.md","49","timeline_like","[嘆息之橋](../04_timeline_canon.md#event-bridge-of-sighs)的回歸，標誌朱音由「索取型存活」轉成「給予型離場」。   她最後承認的不是英勇，而是最基本的人類需求：想同人一齊食飯。這句遺言令她的贖罪回到關係，而不是回到神話。"
"canon/03_characters/iwakura_akane.md","52","glossary_like","1. **病態囤積** — 魔法空間塞滿過期罐頭、螺絲釘、碎布——任何「可能有用」的東西。Alpha 線飢餓記憶的過度補償 2. **戰鬥成癮** — 過度殘暴的戰鬥風格，只有在 High 狀態才能忘記弟弟死亡的畫面。戰後會出現明顯的戒斷反應（顫抖、盜汗） 3. **穿鞋守門**..."
"canon/03_characters/iwakura_akane.md","61","glossary_like","- **牙齒**：平時虎牙 → 戰鬥時嘴角裂開到耳根露出鯊魚齒（[執念飽和](../02_glossary.md#term-saturation-of-obsession)的視覺化） - **鏡像本體**：餓鬼——皮包骨、嘴巴被縫死。Alpha 線飢餓記憶的具象化"
"canon/03_characters/iwakura_akane.md","68","timeline_like","| 對象 | 關係 | 核心動態 | |------|------|---------| | [小光](ko_hikaru.md) | 溫暖錨點 / 墮落起因 | 唯一對她好的人；屍骸化後成為朱音墮落的導火線 | | [晴香](haruka.md) | 隊友 | 映照晴香「拯救者..."
"canon/03_characters/iwakura_akane.md","70","timeline_like","## <a id=""section-event-anchors""></a>關鍵事件錨點（Timeline 對齊）"
"canon/03_characters/iwakura_akane.md","71","timeline_like","- [朱音創傷事件](../04_timeline_canon.md#event-akane-trauma)：弟弟死亡導致執念定向。 - [操的調停嘗試（調停失敗）](../04_timeline_canon.md#event-misao-mediation)：被理解後的反彈，確..."
"canon/03_characters/iwakura_akane.md","76","glossary_like,timeline_like","- [Character Index](../03_character_index.md) - [Story Outline](../05_story_outline_canon.md) — 四幕結構完整劇情 - [Timeline: 嘆息之橋](../04_timeline_c..."
"canon/03_characters/ko_hikaru.md","6","glossary_like","- 本文件只負責該角色的人設真相、心理弧、關係與不可改設定。 - 術語/規則/事件只連到 Canon，不在此重寫完整定義。"
"canon/03_characters/ko_hikaru.md","8","glossary_like,timeline_like","| 欄位 | 內容 | |------|------| | **全名** | 小光（こ ひかる） | | **年齡** | 8–10 歲（帝國歷 113 年時） | | **身份** | 夜區貧困小學生、[朱音](iwakura_akane.md)的溫暖錨點 | | **死亡/轉..."
"canon/03_characters/ko_hikaru.md","14","glossary_like","[朱音](iwakura_akane.md)因魔力戒斷狀態導致力量中斷，無法保護小光。[屍骸](../02_glossary.md#term-magical-corpse)襲擊降臨時，朱音只能眼睜睜看著小光被殺——然後變成 Type B 廢鐵型屍骸。那個曾經分享糖果的小男孩，現在..."
"canon/03_characters/ko_hikaru.md","15","timeline_like","**See also**: [Timeline — 小光之死](../04_timeline_canon.md#event-ko-hikaru-death)"
"canon/03_characters/ko_hikaru.md","27","rule_like,glossary_like","**主題關聯**：子主題 A「力量的代價」——朱音的力量中斷直接導致小光的死亡。子主題 C「身份的本質」——屍骸化後的小光還是小光嗎？朱音選擇相信「是」，這個信念定義了她的墮落。[執念飽和](../02_glossary.md#term-saturation-of-obsessi..."
"canon/03_characters/ko_hikaru.md","33","glossary_like","[屍骸](../02_glossary.md#term-magical-corpse)襲擊中小光被殺、變成 Type B 廢鐵型屍骸。朱音的世界崩塌。[黑奏](antagonist.md)的耳語「他沒有死」成為朱音墮落的催化劑。小光的屍骸手中依然握著發黑的波板糖——這個畫面是全作..."
"canon/03_characters/ko_hikaru.md","34","timeline_like","**See also**: [Timeline — 嘆息之橋](../04_timeline_canon.md#event-bridge-of-sighs)"
"canon/03_characters/ko_hikaru.md","36","glossary_like","在朱音建立的屍骸樂園中，小光被守護著。但飢餓本能逐漸失控——屍骸的「肚餓」不是生理需求，而是[情緒侵蝕](../02_glossary.md#term-emotional-erosion)的表現。小光開始對朱音以外的人伸出手，不再是擁抱，而是撕扯。"
"canon/03_characters/ko_hikaru.md","38","timeline_like","透過朱音的最終犧牲，小光代表的主題完成收束——「出於愛的墮落」。朱音在[嘆息之橋](../04_timeline_canon.md#event-bridge-of-sighs)上燃燒自己，最後對小光的屍骸說：「唔好再肚餓了。」波板糖在火焰中融化，甜味與焦味混合。"
"canon/03_characters/ko_hikaru.md","56","glossary_like,timeline_like","| 對象 | 關係 | 核心動態 | |------|------|---------| | [朱音](iwakura_akane.md) | 溫暖錨點 / 墮落起因 | 生前是朱音唯一的光；屍骸化後成為朱音墮落為屍骸首領的直接原因 | | [黑奏](antagonist.md)..."
"canon/03_characters/ko_hikaru.md","58","timeline_like","## <a id=""section-event-anchors""></a>關鍵事件錨點（Timeline 對齊）"
"canon/03_characters/ko_hikaru.md","59","timeline_like","- [小光日常](../04_timeline_canon.md#event-ko-hikaru-daily)：朱音人性錨點建立。 - [小光之死](../04_timeline_canon.md#event-ko-hikaru-death)：朱音墮落與主線轉折觸發。 - [朱音..."
"canon/03_characters/ko_hikaru.md","64","glossary_like,timeline_like","- [朱音 Canon Sheet](iwakura_akane.md) — 小光墮落的直接承受者 - [黑奏 Canon Sheet](antagonist.md) — 操縱朱音的幕後者 - [Character Index](../03_character_index.md)..."
"canon/03_characters/miyako.md","6","glossary_like","- 本文件只負責該角色的人設真相、心理弧、關係與不可改設定。 - 術語/規則/事件只連到 Canon，不在此重寫完整定義。"
"canon/03_characters/miyako.md","8","glossary_like,timeline_like","| 欄位 | 內容 | |------|------| | **本名** | 雨宮美夜子（改名水無月美夜子，象徵與過去決裂） | | **年齡** | 21 歲（帝國歷 113 年時），視覺年齡 16 | | **誕生** | 帝國歷 76 年 | | **死亡** | 帝國歷 ..."
"canon/03_characters/miyako.md","12","glossary_like,timeline_like","在所有主要角色中，美夜子擁有獨特定位——她是唯一在 [Alpha 線](../02_glossary.md#term-alpha-line)中真正死亡的角色。後續「被拉回」不是奇蹟，而是整個體制代價的集中體現；客觀事件鏈以 [Timeline：美夜子復活](../04_timel..."
"canon/03_characters/miyako.md","13","glossary_like","- **Alpha 線**：突然中斷，留下無數遺憾（無法告別、無法看晴香長大） - **Beta 線**：倒數計時的借來時光（知道隨時會消失） - **深層意義**：[Beta 線](../02_glossary.md#term-beta-line)不是為了「復活」，而是為了「道..."
"canon/03_characters/miyako.md","14","timeline_like","**See also**: [Alpha Divergence 事件](../04_timeline_canon.md#event-alpha-divergence)"
"canon/03_characters/miyako.md","16","glossary_like","美夜子的貓形態對她而言不是「可選能力」，而是被迫承接的身份。   她同時被保護、也被剝奪：能活下來，卻失去以原本姿態告別的權利。規則細節見 [Glossary：避難所詛咒](../02_glossary.md#term-sanctuary-curse)。"
"canon/03_characters/miyako.md","19","glossary_like","復活後失去記憶，被編入帝國軍方「魔法少女部隊」，代號 [Unit 01](../02_glossary.md#term-unit-01)。在部隊中，她與 4 號魔法少女[凜](rin.md)並肩作戰，兩人建立深厚戰友情誼。"
"canon/03_characters/miyako.md","21","timeline_like","凜的死亡不是單一創傷事件，而是美夜子人格防線被打穿的起點。   自此她把「活著」理解為「欠下來的時間」，並以介錯人角色壓住崩潰。事件細節見 [Timeline：凜的犧牲](../04_timeline_canon.md#event-rin-sacrifice)。"
"canon/03_characters/miyako.md","22","timeline_like","**See also**: [凜犧牲事件](../04_timeline_canon.md#event-rin-sacrifice)"
"canon/03_characters/miyako.md","30","glossary_like","**Need（隱性需求）**： - 接受自己是「借來的生命」，學會放手 - 打破[避難所詛咒](../02_glossary.md#term-sanctuary-curse)，獲得「光榮戰死」的權利 - 在信賴的人面前大哭一場——證明即使軟弱也值得被愛"
"canon/03_characters/miyako.md","32","glossary_like","**Truth（最終真相）**： - 存在的價值不在於有用，而在於被愛 - 接受失去，才能真正道別 - 死亡的意義在於選擇——主動放手 vs 被動失去（[態度 vs. 命運](../02_glossary.md#term-attitude-vs-fate)）"
"canon/03_characters/miyako.md","36","glossary_like","**象徵**： - **黑貓** — 被[詛咒](../02_glossary.md#term-sanctuary-curse)的守護、無法死去的悲哀、最厭惡卻被迫承受的形態 - **借來的生命** — 倒數計時的道別禮物；Beta 線本身就是一張「借來的膠布」 - **槍** ..."
"canon/03_characters/miyako.md","42","timeline_like","[凜犧牲](../04_timeline_canon.md#event-rin-sacrifice)的光環 PTSD 全面爆發。恢復人形後戰鬥風格發生根本轉變：從琉璃緞帶 + 冰刀的優雅冰舞，轉為雙持衝鋒槍的「子彈圓舞曲」。她拒絕大量魔法輸出，信奉「鋼鐵才是信條」。"
"canon/03_characters/miyako.md","44","timeline_like","面對「借來的生命」真相——她本該在 Alpha 線安息，Beta 線的存在本身就是一場倒數。[嘆息之橋](../04_timeline_canon.md#event-bridge-of-sighs)中[朱音](iwakura_akane.md)和[操](ayakomoji_sou..."
"canon/03_characters/miyako.md","46","glossary_like","[Dark Healing](../02_glossary.md#term-dark-healing) 三大治癒時刻之一。美夜子終於允許自己脆弱——在信賴的人面前痛哭失聲。這不是軟弱，而是「借來的生命」最珍貴的瞬間：用眼淚證明自己還是人。"
"canon/03_characters/miyako.md","49","timeline_like","**事件位置**：[Timeline: 美夜子的三段式覺醒](../04_timeline_canon.md#event-miyako-awakening)"
"canon/03_characters/miyako.md","50","glossary_like","美夜子在「貓殼碎裂」後進入重度解離，核心恐懼是：即使回到人形，自己仍可能只是「功能性的兵器殘骸」，而非真正活著的人。   她因此進行一次[存在確認測試](../02_glossary.md#term-existence-validation-test)：企圖用強烈生理刺激確認「我..."
"canon/03_characters/miyako.md","55","glossary_like","1. **槍械保養** — 每晚清潔槍械，儀式化地為「最後的慈悲」做準備 2. **無體溫 / 無心跳** — Alpha 線「已死事實」的生理滲漏；[魔法屍骸](../02_glossary.md#term-magical-corpse)的隱喻 3. **[光環](../02_..."
"canon/03_characters/miyako.md","66","glossary_like","| 階段 | 武裝 | 觸發原因 | |------|------|---------| | 早期（凜存活時） | 琉璃緞帶（可硬化為刀刃）+ 能量冰刀 | Unit 01 標準配置 | | 後期（凜犧牲後） | 雙持 HK MP7A1 衝鋒槍 | [光環](../02_glos..."
"canon/03_characters/miyako.md","74","timeline_like","| 對象 | 關係 | 核心動態 | |------|------|---------| | [晴香](haruka.md) | 親妹妹（互不知情） | 靈魂深處唯一的錨點；最終的守護對象 | | [凜](rin.md) | 軍方戰友 | 最深的羈絆；犧牲後成為終身 PTSD 源..."
"canon/03_characters/miyako.md","76","timeline_like","## <a id=""section-event-anchors""></a>關鍵事件錨點（Timeline 對齊）"
"canon/03_characters/miyako.md","77","timeline_like","- [凜的犧牲](../04_timeline_canon.md#event-rin-sacrifice)：核心創傷來源，形成光環 PTSD。 - [朔與美夜子的既視感追認](../04_timeline_canon.md#event-saku-miyako-dejavu)：由兵..."
"canon/03_characters/miyako.md","82","glossary_like,timeline_like","- [Character Index](../03_character_index.md) - [Story Outline](../05_story_outline_canon.md) — 四幕結構完整劇情 - [Timeline: 凜犧牲事件](../04_timeline_..."
"canon/03_characters/rin.md","6","glossary_like","- 本文件只負責該角色的人設真相、心理弧、關係與不可改設定。 - 術語/規則/事件只連到 Canon，不在此重寫完整定義。"
"canon/03_characters/rin.md","8","glossary_like,timeline_like","| 欄位 | 內容 | |------|------| | **全名** | 綾瀨凜（あやせ りん） | | **身份** | 軍方魔法少女兵器 4 號、[美夜子](miyako.md)戰友、[黑奏](antagonist.md)重組的軀殼 | | **死亡** | 帝國歷 10..."
"canon/03_characters/rin.md","16","glossary_like","為掩護[美夜子](miyako.md)撤退，凜主動引開 L3 [光環](../02_glossary.md#term-halo)。光環強行扭轉她的頭顱 180 度——「喀嚓」一聲，脊椎斷裂。這個聲音成為美夜子終身的 PTSD 觸發點。凜在死亡瞬間的眼神不是恐懼，而是「終於完成任務..."
"canon/03_characters/rin.md","17","timeline_like","**See also**: [Timeline — 凜的犧牲](../04_timeline_canon.md#event-rin-sacrifice)"
"canon/03_characters/rin.md","19","timeline_like","帝國歷 109 年，[黑奏](antagonist.md)用殘存靈魂碎片加上情緒病毒技術，將凜具現化為情緒管理局公務員。記憶被改寫——她不記得美夜子、不記得犧牲、不記得自己曾經是兵器。唯一的物理證據是脖子上一圈淡淡紅線——頭顱被「縫回去」的痕跡。"
"canon/03_characters/rin.md","26","glossary_like","| 維度 | 內容 | |------|------| | **Want** | 透過痛覺證明存在；被[美夜子](miyako.md)記得 | | **Need** | 接受自己已改變但依然是凜；承認渴望被愛 | | **Lie** | 「只有痛覺能證明存在」「我是美夜子的污點」..."
"canon/03_characters/rin.md","31","glossary_like","**主題關聯**：子主題 A「力量的代價」——理性凍結是凜對力量失控的極端回應。子主題 C「身份的本質」——即使被重組、記憶被改寫，凜的核心[態度](../02_glossary.md#term-attitude-vs-fate)（拒絕被定義）始終未變。"
"canon/03_characters/rin.md","41","glossary_like","凜的最終選擇成為全作品[態度 vs. 命運](../02_glossary.md#term-attitude-vs-fate)主題的極端詮釋——拒絕治癒本身就是態度的自由。她不需要被拯救、不需要被修復。美夜子最終接受：愛凜，就要接受凜的選擇。"
"canon/03_characters/rin.md","60","timeline_like","## <a id=""section-event-anchors""></a>關鍵事件錨點（Timeline 對齊）"
"canon/03_characters/rin.md","61","timeline_like","- [凜的犧牲](../04_timeline_canon.md#event-rin-sacrifice)：美夜子創傷核心。 - [凜的重組](../04_timeline_canon.md#event-rin-reconstruction)：記憶與身份被制度重寫。 - [凜的最..."
"canon/03_characters/rin.md","66","glossary_like,timeline_like","- [美夜子 Canon Sheet](miyako.md) — 最深羈絆的戰友 - [晴香 Canon Sheet](haruka.md) — 凜的犧牲觸發晴香認知崩壞 - [Character Index](../03_character_index.md) — 角色總覽與關..."
"canon/03_characters/saku.md","6","glossary_like","- 本文件只負責該角色的人設真相、心理弧、關係與不可改設定。 - 術語/規則/事件只連到 Canon，不在此重寫完整定義。"
"canon/03_characters/saku.md","8","glossary_like,timeline_like","| 欄位 | 內容 | |------|------| | **全名** | 白銀朔（しろがね さく） | | **年齡** | 20 代中期（帝國歷 113 年時） | | **身份** | [夜區](../02_glossary.md#term-night-district)..."
"canon/03_characters/saku.md","12","glossary_like","朔是[夜區](../02_glossary.md#term-night-district)最年輕的[靈樹](../02_glossary.md#term-spirit-tree)守護者，與[美夜子](miyako.md)在夜區長大，青梅竹馬，感情深厚。在 [Alpha 線](....."
"canon/03_characters/saku.md","15","timeline_like","**See also**: [朔的發現](../04_timeline_canon.md#event-saku-discovery) | [美夜子復活](../04_timeline_canon.md#event-miyako-revival)"
"canon/03_characters/saku.md","19","glossary_like","為了接近 Unit 01 的真相，朔加入情緒管理局成為雙面特工。白天是冷酷的外勤特工，執行清剿[魔法屍骸](../02_glossary.md#term-magical-corpse)的任務；夜晚是孤獨的屍骸獵人，在夜區巡邏的同時暗中尋找美夜子的痕跡。這種分裂的雙面生活將他的精神..."
"canon/03_characters/saku.md","21","glossary_like","轉捩點發生在一次夜間巡邏中：朔目睹一具成年[魔法屍骸](../02_glossary.md#term-magical-corpse)用殘破的身體保護年幼屍骸免受攻擊。那一刻，他從屍骸的行為中看到了[殘響](../02_glossary.md#term-echo)——即使是失去人性..."
"canon/03_characters/saku.md","22","glossary_like","**See also**: [屍骸的遺願](../02_glossary.md#term-corpse-last-wishes) | [微弱的感謝](../02_glossary.md#term-faint-gratitude)"
"canon/03_characters/saku.md","25","glossary_like","**Want（顯性欲望）**： - 確認 Unit 01 是否保留美夜子的意識 - 成為[魔法屍骸](../02_glossary.md#term-magical-corpse)的解放者，而非殺戮者 - 找到「救回」美夜子的方法"
"canon/03_characters/saku.md","26","glossary_like","**Need（隱性需求）**： - 接受失去——美夜子已經不是記憶中的那個人 - 允許美夜子選擇自己的路，而非替她決定命運 - 學會放手不等於遺忘，[態度](../02_glossary.md#term-attitude-vs-fate)比結果更重要"
"canon/03_characters/saku.md","28","glossary_like","**Truth（最終真相）**： - 真相可能比不知道更痛苦；但面對真相是唯一的前進方式 - 即使跌到最差形態，個體仍可能保留最少限度的選擇痕跡（口徑見 [殘響](../02_glossary.md#term-echo)） - 解放不是毀滅，而是歸還選擇權"
"canon/03_characters/saku.md","32","glossary_like","**象徵**： - **雙面身份（白天特工 / 夜晚獵人）** — 日間的「完美秩序」與夜間的「混沌真實」撕裂朔的存在。制服的絕對對稱 vs. 夜服的極度不對稱，是內心分裂的外在具現 - **扳機（靈魂的拷問）** — 每次扣扳機前的猶豫，是「清除」與「解放」之間的道德掙扎。扳機..."
"canon/03_characters/saku.md","36","glossary_like","朔以情緒管理局外勤特工身份行動，白天執行任務，夜晚在[夜區](../02_glossary.md#term-night-district)巡邏。暗中收集 Unit 01 相關情報，尋找美夜子的痕跡。此時的他是冷酷的復仇者——為了接近真相可以不擇手段。"
"canon/03_characters/saku.md","38","glossary_like","發現 Unit 01 的真相：美夜子的靈魂確實存在於其中，但已被嚴重扭曲。目睹「保護的殘響」事件後，朔的態度從復仇轉向守護。開始質疑情緒管理局的[魔法屍骸](../02_glossary.md#term-magical-corpse)清剿政策——屍骸不是需要消滅的威脅，而是需要被..."
"canon/03_characters/saku.md","42","glossary_like","與美夜子重逢。接受她已經改變的事實——她不再是記憶中那個青梅竹馬的少女，而是經歷過死亡、冰封、兵器化與[避難所詛咒](../02_glossary.md#term-sanctuary-curse)的全新存在。朔學會的不是「找回失去的人」，而是「接受眼前的人」。"
"canon/03_characters/saku.md","43","timeline_like","**See also**: [美夜子覺醒](../04_timeline_canon.md#event-miyako-awakening)"
"canon/03_characters/saku.md","53","glossary_like","- 藏族 / 少數民族風格獵裝，綠松石藍色調，極度不對稱 - 單肩披風、腰間編織繩結、骨制護身符——[夜區](../02_glossary.md#term-night-district)傳統與[靈樹](../02_glossary.md#term-spirit-tree)信仰的具..."
"canon/03_characters/saku.md","60","glossary_like","| 對象 | 關係 | 核心動態 | |------|------|---------| | [美夜子](miyako.md) | 青梅竹馬戀人（[Alpha 線](../02_glossary.md#term-alpha-line)） | 從失去→尋找→重逢→接受改變。「星月相..."
"canon/03_characters/saku.md","62","timeline_like","## <a id=""section-event-anchors""></a>關鍵事件錨點（Timeline 對齊）"
"canon/03_characters/saku.md","63","timeline_like","- [朔的發現](../04_timeline_canon.md#event-saku-discovery)：確認 Unit 01 與美夜子身份連結。 - [朔與美夜子的既視感追認](../04_timeline_canon.md#event-saku-miyako-dejavu..."
"canon/03_characters/saku.md","68","glossary_like,timeline_like","- [Character Index](../03_character_index.md) - [Story Outline](../05_story_outline_canon.md) — 四幕結構完整劇情 - [Timeline: 朔的發現](../04_timeline_c..."
"canon/03_characters/yu.md","6","glossary_like","- 本文件只負責該角色的人設真相、心理弧、關係與不可改設定。 - 術語/規則/事件只連到 Canon，不在此重寫完整定義。"
"canon/03_characters/yu.md","8","glossary_like","| 欄位 | 內容 | |------|------| | **名稱** | 夕（ゆう）| | **身份** | 雨宮晴香的潛意識人格、陰影自我（Shadow Self） | | **角色定位** | [情緒增幅器](../02_glossary.md#term-emotiona..."
"canon/03_characters/yu.md","13","timeline_like","**See also**: [Alpha Divergence 事件](../04_timeline_canon.md#event-alpha-divergence) | [夕的誕生](../04_timeline_canon.md#event-yu-birth)"
"canon/03_characters/yu.md","15","glossary_like,timeline_like","夕是晴香最不體面的那部分：妒恨、恐懼、破壞衝動、求生本能。   她不是「外來敵人」，而是主角拒絕自我認領後形成的對抗面。規則與事件機制見 [Glossary：情緒增幅器](../02_glossary.md#term-emotional-amplifier) 與 [Timelin..."
"canon/03_characters/yu.md","17","timeline_like","在主線前段，夕以「無肉身意識」存在於鏡面、夢境與內心噪訊中（見 [夕的初次顯現](../04_timeline_canon.md#event-yu-disembodied-consciousness)）。   她在敘事上的核心用途不是直接推動戰鬥，而是擔任「真相評論者」：用片段化..."
"canon/03_characters/yu.md","19","glossary_like","夕的存在對[黑奏](antagonist.md)而言是意外的收穫。夕在[集體潛意識](../02_glossary.md#term-collective-unconscious)中不斷產生的痛苦與憤怒，被黑奏透過[情緒諧振](../02_glossary.md#term-emot..."
"canon/03_characters/yu.md","22","timeline_like","夕發動[背叛事件](../04_timeline_canon.md#event-yu-betrayal)的原意是強迫晴香直視真相，但結果引發了她未預期的次級災難：晴香形象被經理人轉售，成為「晴香版情緒毒品」的商業包裝。   這讓夕第一次正面面對自己的策略失算：她想摧毀的是「虛假偶..."
"canon/03_characters/yu.md","25","glossary_like","**Want（顯性欲望）**： - 強迫[晴香](haruka.md)直面 [Alpha 線](../02_glossary.md#term-alpha-line)真相 - 打破偶像偽裝，揭露「完美魔法少女」背後的虛偽 - 奪取身體控制權，證明自己的存在"
"canon/03_characters/yu.md","28","glossary_like","**Truth（最終真相）**： - 我是晴香的一部分；整合陰影才能成為完整的人 - 無法[改變命運](../02_glossary.md#term-attitude-vs-fate)，只能改變面對命運的態度 - 痛苦不是敵人——拒絕面對痛苦才是"
"canon/03_characters/yu.md","33","glossary_like","**See also**: [鏡像法則](../02_glossary.md#term-mirror-law) | [反向映照](../02_glossary.md#term-inverse-reflection)"
"canon/03_characters/yu.md","38","timeline_like","**See also**: [夕的初次顯現](../04_timeline_canon.md#event-yu-first-appearance)"
"canon/03_characters/yu.md","40","glossary_like","夕的存在感急劇提升。在關鍵戰鬥中短暫奪取晴香的身體控制權，展現被壓抑的戰鬥本能與[情緒增幅器](../02_glossary.md#term-emotional-amplifier)的全部威力。最終擅自接管身體拍攝虐殺屍骸錄像並洩漏，導致晴香遭受社會性死亡。"
"canon/03_characters/yu.md","41","timeline_like","**See also**: [夕的背叛](../04_timeline_canon.md#event-yu-betrayal) | [晴香與夕決裂](../04_timeline_canon.md#event-haruka-yu-split)"
"canon/03_characters/yu.md","43","glossary_like","[美夜子](miyako.md)引導晴香在[集體潛意識](../02_glossary.md#term-collective-unconscious)中面對夕，促成部分整合。晴香獲得[陰影視覺](../02_glossary.md#term-shadow-sight)能力，夕仍保..."
"canon/03_characters/yu.md","44","timeline_like","**See also**: [晴香與夕和解](../04_timeline_canon.md#event-haruka-yu-integration)"
"canon/03_characters/yu.md","46","glossary_like","晴香精神崩潰時，夕完全接管身體並試圖發動[現實覆寫](../02_glossary.md#term-reality-override)。在 Alpha 線中度過數日後，夕自身也發現創傷無法被修正——「過去無法被修正，只能被接納」。最終與晴香完成真正的整合，成為完整人格的一部分。"
"canon/03_characters/yu.md","47","timeline_like","**See also**: [夕的完全接管](../04_timeline_canon.md#event-yu-takeover) | [自我整合](../04_timeline_canon.md#event-self-integration)"
"canon/03_characters/yu.md","50","glossary_like","1. **鏡中對話** — 在鏡面、水面、任何反射表面中與晴香對抗。夕的面孔取代晴香的倒影，以冰冷語調丟出 Alpha 線線索 2. **夢境侵入** — 在晴香的噩夢中強迫她觀看 Alpha 線記憶碎片：母親被殺的場景、姊姊的慘叫、5 歲的自己崩潰的畫面 3. **情緒放大**..."
"canon/03_characters/yu.md","53","glossary_like","夕沒有獨立的視覺設計文件。她在鏡中或[集體潛意識](../02_glossary.md#term-collective-unconscious)中呈現為晴香的黑暗版本——相同的面孔但眼神冰冷、髮色暗沉（粉色→深灰紫）、服裝色調反轉（白色→黑色）。瞳孔中沒有高光，如同「沒有靈魂的玻..."
"canon/03_characters/yu.md","56","glossary_like","| 對象 | 關係 | 核心動態 | |------|------|---------| | [晴香](haruka.md) | 本體、創造者、最終整合對象 | 被切割的陰影面；從對抗到共存到整合 | | [黑奏](antagonist.md) | 無意識能量供應者（被利用） |..."
"canon/03_characters/yu.md","58","timeline_like","## <a id=""section-event-anchors""></a>關鍵事件錨點（Timeline 對齊）"
"canon/03_characters/yu.md","59","timeline_like","- [夕的誕生](../04_timeline_canon.md#event-yu-birth)：晴香陰影人格具現化。 - [夕的初次顯現（無肉身意識）](../04_timeline_canon.md#event-yu-disembodied-consciousness)：評論..."
"canon/03_characters/yu.md","64","glossary_like,timeline_like","- [Character Index](../03_character_index.md) - [Story Outline](../05_story_outline_canon.md) — 四幕結構完整劇情 - [Timeline: 夕的誕生](../04_timeline_c..."
"canon/04_timeline_canon.md","6","glossary_like","- 本文件只負責其對應 Canon 範圍，不重寫其他文件的完整內容。 - 術語完整定義只放在 [Glossary](02_glossary.md)。 - 世界規則完整定義只放在 [World Rules](01_world_rules_and_costs.md)。 - 事件時間與..."
"canon/04_timeline_canon.md","10","glossary_like","- **遠古時期**：夜區存在，居民信奉[靈樹](02_glossary.md#term-sacred-tree) - **帝國歷元年**：[帝國](02_glossary.md#term-empire)崛起"
"canon/04_timeline_canon.md","12","glossary_like","| 年份 | 事件 | 影響 | |------|------|------| | **73** | <a id=""event-aya-birth""></a>澄川彩誕生於夜區，成為戰爭孤兒 | [黑奏](03_characters/antagonist.md)的宿主誕生 | | ..."
"canon/04_timeline_canon.md","15","glossary_like","> **世界分裂為 [Alpha](02_glossary.md#term-alpha-line)/[Beta](02_glossary.md#term-beta-line) 兩條時間線的關鍵時刻。** > 關於 102 年的裁決，見 [Decision Log CF-002](..."
"canon/04_timeline_canon.md","17","glossary_like","- 5 歲的[晴香](03_characters/haruka.md)（97+5=102）與 26 歲的[美夜子](03_characters/miyako.md)（76+26=102）為感情深厚的親姊妹 - <a id=""event-sisters-execution""></a..."
"canon/04_timeline_canon.md","19","glossary_like","- 花子死因改為難產；美夜子在帝國歷 92 年「意外身亡」（冰封） - <a id=""event-yu-birth""></a>**[夕](03_characters/yu.md)的誕生**：晴香的 Alpha 線記憶被剝離，具現化為潛意識人格 - [靈魂滲漏](02_glossa..."
"canon/04_timeline_canon.md","23","glossary_like","| 年份 | 事件 | 影響 | |------|------|------| | **103** | <a id=""event-singer-origin""></a>**歌手身份起源**：[秋穗](03_characters/akiho.md)決定讓晴香成為歌手以合法釋放情緒能..."
"canon/04_timeline_canon.md","30","glossary_like","- <a id=""event-misao-joins""></a>**[操](03_characters/ayakomoji_sou.md)的加入**：操為了還人情勉強答應「暫時指導妳們這些庶民」 - <a id=""event-akane-joins""></a>**[朱音](03_..."
"canon/04_timeline_canon.md","34","glossary_like","- <a id=""event-ko-hikaru-daily""></a>**小光與朱音的日常**：小光成為朱音內心最後的溫暖錨點 - <a id=""event-night-district-attack""></a>**夜區大規模屍骸襲擊**：朱音帶領團隊清理夜區 - <a id=..."
"canon/04_timeline_canon.md","36","glossary_like","- <a id=""event-misao-mediation""></a><a id=""event-misao-mediation-failure""></a>**操的調停嘗試（調停失敗）**：操首次放棄「完美指揮官」語氣，直接向朱音表露「我知妳痛，我都痛；但我唔會放棄妳」。朱音拒絕..."
"canon/04_timeline_canon.md","38","glossary_like","- <a id=""event-corpse-queen-raid""></a>**屍骸女王討伐**：晴香團隊進入屍骸樂園 - <a id=""event-trinity-debate""></a>**[三位一體](02_glossary.md#term-trinity-spectrum..."
"canon/04_timeline_canon.md","40","glossary_like","- <a id=""event-yu-betrayal""></a>**[夕](03_characters/yu.md)的背叛與社會性死亡**：夕擅自接管身體，拍攝虐殺屍骸錄像並洩漏，晴香遭受網路暴力 - <a id=""event-social-exile""></a>**晴香的社會排..."
"canon/04_timeline_canon.md","47","glossary_like","- <a id=""event-haruka-yu-integration""></a>**晴香與夕和解：部分融合**：美夜子引導晴香面對夕，促成整合，獲得[陰影視覺](02_glossary.md#term-shadow-sight)能力。夕仍保留獨立意識，兩者共存"
"canon/04_timeline_canon.md","49","glossary_like","- <a id=""event-rin-truth-revealed""></a>**觀眾知道凜已死並被重組**：美夜子向晴香坦白凜的過去，觀眾首次明確得知凜在 108 年已死亡並被重組 - <a id=""event-curse-truth""></a>**詛咒真相揭露**：美夜子記憶..."
"canon/04_timeline_canon.md","51","glossary_like","- <a id=""event-horrific-house""></a><a id=""event-terror-playhouse""></a>**恐怖家家酒（2 週）**：黑奏強迫大家「繼續扮朋友返學」，形成恐怖平衡   - 第 10 天：朱音「暴食斷頭台」——拒絕黑奏的毒品盛宴，..."
"canon/04_timeline_canon.md","53","glossary_like","- <a id=""event-alpha-days""></a>**Alpha 線的幾日**：夕在重建的 Alpha 線度過數日，發現內心創傷無法被治癒——證明「過去無法被修正，只能被接納」 - <a id=""event-disillusion""></a>**幻滅與還原**：夕試圖..."
"canon/04_timeline_canon.md","59","glossary_like","- <a id=""event-final-battle""></a>**最終決戰**：晴香匯聚眾人「態度」的力量 - <a id=""event-resonance-hell-3""></a>**[共振地獄](02_glossary.md#term-resonance-hell)第三階..."
"canon/04_timeline_canon.md","69","glossary_like","- **循環起點**：帝國歷 98 年（愛莉成為魔法屍骸） - **循環終點**：時空夾縫（靈魂被囚禁） - **核心**：在沒有晴香的時間線中，秋穗重複「為救女兒而製造悲劇」的循環，最終成為[無臉執行官](02_glossary.md#term-faceless-executo..."
"canon/05_story_outline_canon.md","6","glossary_like","- 本文件只負責其對應 Canon 範圍，不重寫其他文件的完整內容。 - 術語完整定義只放在 [Glossary](02_glossary.md)。 - 世界規則完整定義只放在 [World Rules](01_world_rules_and_costs.md)。 - 事件時間與..."
"canon/05_story_outline_canon.md","10","glossary_like","**核心詭計**：以傳統皇道動漫元素（偶像、羈絆、熱血團戰）為「陷阱」，讓觀眾放鬆警惕後，在最意想不到的時刻撕開糖衣，暴露[溫柔的殘酷](02_glossary.md#term-gentle-cruelty)的真實內核。"
"canon/05_story_outline_canon.md","15","timeline_like","**關鍵前提（功能口徑）**： - [靈樹戰爭](04_timeline_canon.md#event-sacred-tree-war)與帝國基建確立「制度暴力」底板（事實鏈見 Timeline）。 - [彩/黑奏分裂](04_timeline_canon.md#event-ku..."
"canon/05_story_outline_canon.md","22","timeline_like","**1. 覺醒與組隊**（[113 年 3-4 月](04_timeline_canon.md#section-113-march)） - 以[偶像式入隊](04_timeline_canon.md#event-story-begin)建立「英雄敘事外衣」，把制度性暴力暫時包裝為..."
"canon/05_story_outline_canon.md","23","glossary_like","**2. [膠布哲學](02_glossary.md#term-band-aid-philosophy)第一層**：「痛是證據」（個人習慣） - 晴香將膠布貼在校霸傷口上：「痛是證據。留住個傷口，你先會記得今日發生咩事。」 - 諷刺伏筆：她教校霸用膠布「記住痛」，自己卻在用膠布「..."
"canon/05_story_outline_canon.md","24","glossary_like,timeline_like","**3. [情緒連結](02_glossary.md#term-emotion-link)首戰**（[113 年 4 月](04_timeline_canon.md#event-emotion-link-first)） - 完成「能力展示 -> 代價示警」的第一個結構轉折（事件細..."
"canon/05_story_outline_canon.md","26","timeline_like","**5. [總部被襲](04_timeline_canon.md#event-hq-raid)**：虛榮的代價 - 功能上把「面子成本」由人際衝突升級為實際戰損，強化第二幕裂解的可信前置。 - 把操的角色弧由「防禦性表演」推向「可承認羞恥」的起點。"
"canon/05_story_outline_canon.md","35","timeline_like","**1. 朱音墮落與屍骸女王**（[113 年 5 月底-6 月中](04_timeline_canon.md#section-113-may-late)） - 由[小光之死](04_timeline_canon.md#event-ko-hikaru-death)與[三位一體辯論..."
"canon/05_story_outline_canon.md","36","timeline_like","**2. 社會性死亡**（[113 年 6 月底-7 月](04_timeline_canon.md#section-113-june-late)） - 透過[夕的背叛](04_timeline_canon.md#event-yu-betrayal)與[經理人背叛](04_tim..."
"canon/05_story_outline_canon.md","37","timeline_like","**3. [鏡像破碎之夜](04_timeline_canon.md#event-mirror-shatter-night)**（[113 年 7-8 月](04_timeline_canon.md#section-113-july-august)） - [紗夜犧牲](04_ti..."
"canon/05_story_outline_canon.md","38","timeline_like","**4. 晴香與夕和解**（[114 年 3 月](04_timeline_canon.md#event-haruka-yu-integration)） - 以[和解事件](04_timeline_canon.md#event-haruka-yu-integration)完成主角..."
"canon/05_story_outline_canon.md","39","timeline_like","**5. 真相揭露期**（[114 年 4 月](04_timeline_canon.md#section-114-april)） - [守恆定律揭露](04_timeline_canon.md#event-conservation-revealed)把世界規則推到主衝突前台（條..."
"canon/05_story_outline_canon.md","40","timeline_like","**6. 「愛莉的潛意識風暴」——晴香的畢業考試**（[114 年 4 月](04_timeline_canon.md#event-miyako-missing)） - 功能上完成「被動反應 -> 主動承擔」。 - 同時完成主角態度由「消滅」向「理解」轉向。"
"canon/05_story_outline_canon.md","49","timeline_like","**1. [恐怖家家酒](04_timeline_canon.md#event-horrific-house)（2 週）**——心理驚悚篇章 - 本段功能是維持「高壓僵局」並拉長心理折磨時窗，讓偽高潮前的情緒張力可被堆高。 - [公開處刑公告（陷阱）](04_timeline_c..."
"canon/05_story_outline_canon.md","50","timeline_like","**2. [真身揭露：巨大衣服，微小的神](04_timeline_canon.md#event-kurokana-body-reveal)** - 功能上把衝突由「外部征伐」改寫為「內部解放」。"
"canon/05_story_outline_canon.md","51","timeline_like","**3. 朱音與操的「畢業」** - 本段功能是把兩位角色的弧線收束成「可自我命名的離場態度」。 - [鋼鐵獨舞](04_timeline_canon.md#event-steel-solo)作為操線從被控到自控的節點。"
"canon/05_story_outline_canon.md","52","timeline_like","**4. [嘆息之橋戰役](04_timeline_canon.md#event-bridge-of-sighs)**——雙重犧牲 - [朱音回歸](04_timeline_canon.md#event-akane-return)與[雙重犧牲](04_timeline_canon..."
"canon/05_story_outline_canon.md","53","timeline_like","**5. [美夜子的三段式覺醒](04_timeline_canon.md#event-miyako-awakening)** - 本段功能是把美夜子從「控制型隊長」轉為「可被陪伴的人」。 - 同時作為第四幕「接納路線」的情感通道開口。"
"canon/05_story_outline_canon.md","54","timeline_like","**6. [凜的最終戰](04_timeline_canon.md#event-rin-final-battle)**：遲來的介錯 - 功能上把「個人承諾」轉化為「代價執行」。 - 以未完成告別擴大第三幕失語感。"
"canon/05_story_outline_canon.md","55","timeline_like","**7. [膠布哲學第三層揭露](04_timeline_canon.md#event-band-aid-third-reveal)**：世界真相 - 將 [Alpha/Beta](01_world_rules_and_costs.md#rule-alpha-beta) 對立從背..."
"canon/05_story_outline_canon.md","56","glossary_like,timeline_like","**8. [帝國廣場決戰](04_timeline_canon.md#event-imperial-plaza-battle)與偽高潮** - [希望的背叛](04_timeline_canon.md#event-hope-betrayal)把群眾情感從資源翻轉為武器。 - [彩..."
"canon/05_story_outline_canon.md","57","timeline_like","**9. [二十年守望](04_timeline_canon.md#event-twenty-year-vigil)** - 本節點功能是完成夕線方法論反轉，並建立第四幕時間斷層壓力。"
"canon/05_story_outline_canon.md","63","timeline_like","**1. [母愛的琥珀](04_timeline_canon.md#event-amber-of-love)**：打破溫柔的牢籠 - 功能上施加最高情感誘惑壓力，把決戰從外部戰術轉為內在決策。 - 完成「依附 -> 自主」的前段轉折。"
"canon/05_story_outline_canon.md","66","glossary_like,timeline_like","**4. [共振地獄](02_glossary.md#term-resonance-hell)第三階段**：終極選擇題（[114 年 9 月](04_timeline_canon.md#event-resonance-hell-3)） - 本節點是全作價值裁決點：在強制透明與自由..."
"canon/05_story_outline_canon.md","67","timeline_like","**5. [靈魂共鳴](04_timeline_canon.md#event-soul-resonance)**：逝者的態度延續 - 功能上把「態度可傳承」落成可感知證據，完成黑暗治癒命題。"
"canon/05_story_outline_canon.md","68","timeline_like","**6. [彩的覺醒與犧牲](04_timeline_canon.md#event-aya-awakening)** - 功能上執行代價回收，並收束黑奏「保護者邏輯」。"
"canon/05_story_outline_canon.md","69","timeline_like","**7. [最終決戰](04_timeline_canon.md#event-final-battle)與[強制索回](04_timeline_canon.md#event-forced-ascension)** - 功能上把「吸收而非排放」定為結局方法論（機制見 [World ..."
"canon/05_story_outline_canon.md","70","timeline_like","**8. [悲劇但有意義的結局](04_timeline_canon.md#event-bittersweet-ending)** - 功能上完成「責任閉環 + 關係殘留」雙收束，將情緒終點固定為「帶傷的連結」。"
"canon/05_story_outline_canon.md","75","glossary_like","> 何時讓 [Alpha 線](02_glossary.md#term-alpha-line)殘影滲入 [Beta 線](02_glossary.md#term-beta-line)故事？"
"canon/05_story_outline_canon.md","92","timeline_like","| 階段 | 時間 | 手段 | 目標 | |------|------|------|------| | 1. 放養 | 102-112 年 | [潘朵拉協議](04_timeline_canon.md#event-pandora-protocol)：等待晴香成熟 | 培養「中..."
"canon/05_story_outline_canon.md","98","glossary_like","### <a id=""section-thread-bandaid""></a>[膠布哲學](02_glossary.md#term-band-aid-philosophy)四層揭露"
"canon/05_story_outline_canon.md","102","glossary_like","### <a id=""section-thread-resonance""></a>[共振地獄](02_glossary.md#term-resonance-hell)三階段"
"canon/05_story_outline_canon.md","105","glossary_like","| 階段 | 時期 | 公眾態度 | |------|------|---------| | 維多利亞天使期 | Act I 前期 | 魔法少女 = 英雄，充滿敬意 | | 裂痕初現 | Act I 後期 | 戰鬥破壞引發質疑 | | 魔女狩獵期 | Act II | 「魔法少女..."
"canon/05_story_outline_canon.md","110","glossary_like","> 這三個時刻是故事「[黑暗治癒](02_glossary.md#term-dark-healing)」主題的核心展現。"
"canon/05_story_outline_canon.md","111","timeline_like","| # | 時刻 | 位置 | 治癒類型 | 核心台詞 | |---|------|------|---------|---------| | 1 | **[美夜子的大哭](04_timeline_canon.md#event-miyako-awakening)** | Act ..."
"canon/06_visual_bible.md","6","glossary_like","- 本文件只負責其對應 Canon 範圍，不重寫其他文件的完整內容。 - 術語完整定義只放在 [Glossary](02_glossary.md)。 - 世界規則完整定義只放在 [World Rules](01_world_rules_and_costs.md)。 - 事件時間與..."
"canon/06_visual_bible.md","30","glossary_like","**第一階段：風化/紋章顯現** - 皮膚浮現流動的「紋章 (Sigil)」——瓷器裂紋般的永久烙印 - 魔法特效的真相：紋章剝落的[情緒結晶](02_glossary.md#term-emotional-crystal)粉塵"
"canon/06_visual_bible.md","31","glossary_like","**第二階段：瞳之印** - 紋章圖案浮現於瞳孔虹膜中 - 特定角度下呈現非人的、令人不安的圖案 - [情感耗損](02_glossary.md#term-emotional-erosion)最直觀的體現：眼神高光消失，瞳孔如毛玻璃"
"canon/06_visual_bible.md","32","glossary_like","**第三階段：結晶化/靈魂剝落** - [情緒結晶](02_glossary.md#term-emotional-crystal)從裂紋破體而出 - 皮膚像瓷器碎片剝落 - [魔法屍骸](07_entities_and_devices.md#section-magical-cor..."
"canon/06_visual_bible.md","39","rule_like,glossary_like","- **混沌態視覺**：非單純黑色黏液，而是如**虹彩色油污**或**半凝固七彩樹脂**——美麗、緩慢、無法名狀，象徵所有定義與界線的消解 - **觸發條件**：角色嚴重偏離心匣核心認同時，或[集體潛意識](02_glossary.md#term-collective-uncon..."
"canon/06_visual_bible.md","62","glossary_like","- **[日區](02_glossary.md#term-sun-district)「無鏡之城」**：大量啞光、吸光粗糙材質；刻意避免開闊水域；上流時尚以避免高反光金屬或寶石為榮 - **[夜區](02_glossary.md#term-night-district)「鏡像之城」..."
"canon/06_visual_bible.md","88","glossary_like","**視覺用途**：光環用作魔法少女狀態讀取的主視覺層；術語口徑見 [Glossary：光環](02_glossary.md#term-halo) 與 [World Rules](01_world_rules_and_costs.md)。"
"canon/06_visual_bible.md","99","glossary_like","> 術語定義見 [Glossary](02_glossary.md#term-shackle-mark)；此處為畫面規格。"
"canon/06_visual_bible.md","100","rule_like,glossary_like","- **平時狀態**：枷鎖紋應該像被皮膚吸收的暗紋，只有在逆光或情緒激發時微亮。   - **高壓狀態**：紋理向四肢末端擴散，伴隨細碎「瓷裂」高光，提示[情感耗損](02_glossary.md#term-emotional-erosion)上升。   - **臨界狀態**：枷..."
"canon/06_visual_bible.md","116","glossary_like","- 角色主配色與其主導情緒物質/心匣本質色彩相關 - 彩度 (Saturation) 直接與精神活力掛鉤——[情感耗損](02_glossary.md#term-emotional-erosion)使整體飽和度顯著降低，趨向灰色 - 冷暖對比對應性格核心（[晴香](03_char..."
"canon/06_visual_bible.md","135","glossary_like","- **缺席的倒影**：自我認同瓦解時，鏡中只有空白 - **缺席的聲音**：最劇烈痛苦時剝奪所有音效，只留微弱呼吸或完全靜音 - **缺席的色彩**：[情感耗損](02_glossary.md#term-emotional-erosion)最終階段，角色主觀視角變成黑白"
"canon/06_visual_bible.md","146","glossary_like","**情緒結晶苔 (Emotion Crystal Moss)** - 重大悲劇或長期情緒浸泡之處生長的微小[情緒結晶](02_glossary.md#term-emotional-crystal)苔蘚 - 微光下散發幽幽光芒，色彩對應吸收的情緒（悲傷藍、憤怒暗紅） - 直接觸碰極..."
"canon/06_visual_bible.md","147","glossary_like","**記憶迴響的雨 (Rain of Echoing Memories)** - [集體潛意識](02_glossary.md#term-collective-unconscious)邊界薄弱時，無主記憶碎片溶入水汽 - 雨水打在皮膚上，可能突然聽見愛人呢喃、看見陌生孩子的畫面、或..."
"canon/07_entities_and_devices.md","6","glossary_like","- 本文件只負責其對應 Canon 範圍，不重寫其他文件的完整內容。 - 術語完整定義只放在 [Glossary](02_glossary.md)。 - 世界規則完整定義只放在 [World Rules](01_world_rules_and_costs.md)。 - 事件時間與..."
"canon/07_entities_and_devices.md","9","glossary_like","本節只說「心匣在裝置層如何工作」，不重覆魔法少女本體定義。   完整術語口徑見 [Glossary：鏡中的承諾](02_glossary.md#term-mirror-promise) 與 [Glossary：心之器](02_glossary.md#term-heart-vess..."
"canon/07_entities_and_devices.md","12","glossary_like","**裝置層定義**：心匣是[心之器](02_glossary.md#term-heart-vessel)的外化介面，用於儲存、觸發與回寫耗損狀態。完整術語定義見 [Glossary：心匣](02_glossary.md#term-heart-container)。"
"canon/07_entities_and_devices.md","15","glossary_like","**使用者**：高意志與高自我辨識個體。   **流程（裝置觀測）**：崩潰前壓力累積 → 鏡面互認 → 心匣具現 → 開鎖輸出 → 耗損回寫。   **可見訊號**：開鎖節奏穩、裂紋增長慢、代價可追蹤。   **owner 委派**：儀式語意與心理機制見 [Glossary：鏡..."
"canon/07_entities_and_devices.md","17","glossary_like","**使用者**：軍方改造兵器體系。   **裝置形態**：以[情緒力量裝置](02_glossary.md#term-emotional-power-device)作外部開鎖器。   **鑄造流程（操作層）**：高壓改造 → 結晶剝落 → 材料收割 → 專屬鑰匙鑄成。   **風..."
"canon/07_entities_and_devices.md","18","rule_like,glossary_like","**開鎖儀式（被扭曲的儀式）**： 1. **強制開鎖** — 將由自己過去痛苦鑄成的「鑰匙」插入胸口心匣鎖孔。開鎖聲音是刺耳金屬摩擦（象徵被**強行撬開**） 2. **必然性假象** — 因鑰匙與自身同源，少女本能感到病態「親切感」，誤以為這是「天命」，接受暴力 3. **代..."
"canon/07_entities_and_devices.md","27","glossary_like","**[魔法屍骸](02_glossary.md#term-magical-corpse)**：【心之器】破碎後的狀態。失去理智，但靈魂碎片以痛苦方式「存在」著。"
"canon/07_entities_and_devices.md","30","glossary_like","**See also**: [World Rules: 魔法代價](01_world_rules_and_costs.md#rule-magic-cost) | [Glossary: 心匣](02_glossary.md#term-heart-container)"
"canon/07_entities_and_devices.md","54","glossary_like","- **與[三位一體](02_glossary.md#term-trinity-spectrum)的連結**：「我們與怪物本質相同，只是我們還沒碎掉」 - **Type A**：恐怖中帶哀傷（曾是虔誠信徒） - **Type B**：恐怖中帶憤怒（曾是反抗者） - **求救型**..."
"canon/07_entities_and_devices.md","66","glossary_like","**核心職能**： - **情緒監控**：透過[維多利亞之淚](02_glossary.md#term-tears-of-victoria)系統監控全城情緒波動 - **屍骸管理**：負責魔法屍骸的追蹤、圍捕與處理 - **魔法少女管理**：監管魔法少女活動，實施「衛生行動」（對..."
"canon/07_entities_and_devices.md","67","glossary_like","**運作理念**：將情緒視為可被量化、監控、管理的資源。表面上是「淨化情緒」，實際上是將負面情緒壓入[集體潛意識](02_glossary.md#term-collective-unconscious)，累積成因果債務"
"canon/07_entities_and_devices.md","73","glossary_like","**視覺細節**：人造太陽下方延伸到地底的管道結構，地底深處積聚紅色光芒（[緋潮](02_glossary.md#term-scarlet-tide)前兆）"
"canon/07_entities_and_devices.md","82","rule_like","**觸發條件**：魔法少女出現嚴重情感耗損症狀 / 公眾風評惡化到威脅社會穩定 / 被判定為「即將屍骸化」的高危個體"
"canon/07_entities_and_devices.md","96","rule_like","| 階段 | 狀態 | 可觀測訊號 | 可逆性 | |---|---|---|---| | 鑄造前 | 心之器不穩 | 情緒尖峰、睡眠破裂、鏡像異常 | 可逆（高） | | 初鑄 | 鑰匙/心匣成形 | 微裂紋、短時狂喜、感官雜訊 | 可逆（中） | | 穩定使用 | 功能可控 ..."
"canon/07_entities_and_devices.md","98","rule_like","- 快速修補在裝置層只屬「延壽操作」，不等於規則層治癒（條文見 [World Rules：不可逆規則摘要](01_world_rules_and_costs.md#section-irreversible)）。 - 戰術補給只覆蓋生理窗口；情緒耗損與排斥判讀以 [World Ru..."
"canon/10_gameplay_bible.md","6","glossary_like","- 本文件只負責其對應 Canon 範圍，不重寫其他文件的完整內容。 - 術語完整定義只放在 [Glossary](02_glossary.md)。 - 世界規則完整定義只放在 [World Rules](01_world_rules_and_costs.md)。 - 事件時間與..."
"canon/10_gameplay_bible.md","49","glossary_like","- **[光幕濾鏡](02_glossary.md#term-light-veil)**：玩家只看到「被美化後」的社會回饋；底層機制條文見 [現實縫合機制](01_world_rules_and_costs.md#rule-reality-stitching)。 - **任務類型..."
"canon/10_gameplay_bible.md","85","glossary_like","1. **戰術失敗**：提高該區域敵人執念飽和度，下次進場更接近失控 2. **社交失敗**：風評提前惡化，NPC 支援與資源折扣下降 3. **倫理失敗**：錯誤抽離或粗暴共感可換短期收益，但會增加[因果債務](02_glossary.md#term-causal-debt) ..."
"canon/99_decision_log.md","15","glossary_like","**影響文件**：[World Rules](01_world_rules_and_costs.md#rule-magic-cost) | [Entities](07_entities_and_devices.md#section-heart-container) | [Glos..."
"canon/99_decision_log.md","18","timeline_like","**矛盾**：晴香創世事件在 timeline_raw 為帝國歷 102 年，在 CAN-04 v1 為 109 年。"
"canon/99_decision_log.md","19","timeline_like","**裁決**：**採用帝國歷 102 年。** - 晴香 5 歲（97+5=102 ✓） - 美夜子 26 歲（76+26=102 ✓） - 109 年版本有內部矛盾（聲稱「5 歲」但 97+12=109）"
"canon/99_decision_log.md","21","timeline_like","**影響文件**：[Timeline](04_timeline_canon.md#event-alpha-divergence) | [Haruka](03_characters/haruka.md) | [Story Outline](05_story_outline_cano..."
